step,vehicle_id,lane,pos_x,pos_y,speed,reward
0,0,"('a', 'b', 0)",14.78579319526823,0.0,25.429813098872128,-0.22850934505639364
0,1,"('a', 'b', 0)",164.40250893336489,0.0,25.839885961130918,-0.20800570194345414
0,2,"('a', 'b', 1)",194.4057174926673,3.5,25.200775387433286,-0.23996123062833574
0,3,"('a', 'b', 1)",45.22541306094476,3.5,26.32208881849767,-0.18389555907511657
0,4,"('a', 'b', 2)",110.19131156398159,13.5,25.809784809850644,-0.20951075950746778
0,5,"('a', 'b', 2)",160.85265213761315,13.5,25.75522554521913,-0.21223872273904354
0,6,"('a', 'b', 2)",9.786557546701872,13.5,25.49141153745185,-0.22542942312740755
0,7,"('a', 'b', 2)",199.76429480485956,13.5,25.136558954882737,-0.24317205225586314
1,0,"('a', 'b', 0)",19.86255816848243,0.0,25.30187147684846,-0.23490642615757695
1,1,"('a', 'b', 0)",169.55251325728702,0.0,25.589878754594007,-0.22050606227029967
1,2,"('a', 'b', 1)",199.44157614211008,3.5,25.141010971695255,-0.24294945141523727
1,3,"('a', 'b', 1)",50.461539212067386,3.5,25.92854523329329,-0.20357273833533562
1,4,"('a', 'b', 2)",115.33593979751046,13.5,25.568737753969177,-0.22156311230154113
1,5,"('a', 'b', 2)",165.98753604157406,13.5,25.530419038617552,-0.22347904806912244
1,6,"('a', 'b', 2)",14.874324051744713,13.5,25.345134029047117,-0.2327432985476442
1,7,"('a', 'b', 2)",204.78868434659583,13.5,25.09590971865564,-0.245204514067218
2,0,"('a', 'b', 0)",24.91647266270145,0.0,25.21201398648342,-0.23939930067582904
2,1,"('a', 'b', 0)",174.6578660883544,0.0,25.414290702814995,-0.22928546485925028
2,2,"('a', 'b', 1)",204.46676081771326,3.5,25.099036512356616,-0.2450481743821692
2,3,"('a', 'b', 1)",55.62737815496832,3.5,25.65214699512505,-0.21739265024374743
2,4,"('a', 'b', 2)",120.43751682846627,13.5,25.399442702376156,-0.2300278648811922
2,5,"('a', 'b', 2)",171.08226931843,13.5,25.372530243857593,-0.2313734878071203
2,6,"('a', 'b', 2)",19.935965273393457,13.5,25.242398659632542,-0.23788006701837294
2,7,"('a', 'b', 2)",209.80581390128577,13.5,25.06736046083908,-0.24663197695804606
3,0,"('a', 'b', 0)",29.954338535184498,0.0,25.148904199011678,-0.24255479004941605
3,1,"('a', 'b', 0)",179.73185874885718,0.0,25.29096960197706,-0.235451519901147
3,2,"('a', 'b', 1)",209.4844488203317,3.5,25.069556507992573,-0.2465221746003714
3,3,"('a', 'b', 1)",60.74385214504415,3.5,25.458023678331998,-0.2270988160834001
3,4,"('a', 'b', 2)",125.50885762387009,13.5,25.280541376703145,-0.23597293116484275
3,5,"('a', 'b', 2)",176.14880352659225,13.5,25.261639896920556,-0.2369180051539722
3,6,"('a', 'b', 2)",24.9792578735089,13.5,25.170244326106804,-0.24148778369465984
3,7,"('a', 'b', 2)",214.81784453503235,13.5,25.0473094045948,-0.24763452977026001
4,0,"('a', 'b', 0)",34.98093294768288,0.0,25.104580178181042,-0.2447709910909479
4,1,"('a', 'b', 0)",184.78382615925142,0.0,25.204357251319966,-0.23978213743400167
4,2,"('a', 'b', 1)",214.4968716699073,3.5,25.048851758699858,-0.24755741206500714
4,3,"('a', 'b', 1)",65.82565555096846,3.5,25.321684668458136,-0.23391576657709323
4,4,"('a', 'b', 2)",130.55896254464753,13.5,25.19703317540742,-0.24014834122962903
4,5,"('a', 'b', 2)",181.19553262752373,13.5,25.183758062034737,-0.2408120968982631
4,6,"('a', 'b', 2)",30.00966365027036,13.5,25.119568031504368,-0.24402159842478155
4,7,"('a', 'b', 2)",219.82628343080498,13.494050589525546,25.03322690693078,-0.24833865465346106
5,0,"('a', 'b', 0)",39.99961105358023,0.0,25.07345000168545,-0.24632749991572744
5,1,"('a', 'b', 0)",189.82032453253245,0.0,25.14352662918494,-0.242823668540753
5,2,"('a', 'b', 1)",219.50559663421834,3.5,25.034310151514852,-0.24828449242425743
5,3,"('a', 'b', 1)",70.88310869751612,3.5,25.225929424212026,-0.2387035287893987
5,4,"('a', 'b', 2)",135.59415283194252,13.5,25.13838269658244,-0.243080865170878
5,5,"('a', 'b', 2)",186.22835196864435,13.5,25.129059160167056,-0.24354704199164723
5,6,"('a', 'b', 2)",35.03101859910694,13.5,25.083976450110065,-0.24580117749449681
5,7,"('b', 'c', 2)",224.8319517354469,13.445114822209462,25.0233363187223,-0.248833184063885
6,0,"('a', 'b', 0)",45.01272928433393,0.0,25.05158628376262,-0.24742068581186893
6,1,"('a', 'b', 0)",194.84595850663382,0.0,25.100803339016036,-0.24495983304919822
6,2,"('b', 'c', 1)",224.5117244555177,3.5,25.02409711601592,-0.248795144199204
6,3,"('a', 'b', 1)",75.92345987863054,3.5,25.158677455688007,-0.2420661272155996
6,4,"('a', 'b', 2)",140.61886809544737,13.5,25.09719059074103,-0.2451404704629485
6,5,"('a', 'b', 2)",191.2514020408717,13.5,25.09064237312144,-0.24546788134392794
6,6,"('a', 'b', 2)",40.04601686221302,13.5,25.058979344933267,-0.24705103275333662
6,7,"('b', 'c', 2)",229.83468768120844,13.327129219077776,25.01638984250455,-0.24918050787477242
7,0,"('a', 'b', 0)",50.021942637071774,0.0,25.0362306958662,-0.2481884652066899
7,1,"('a', 'b', 0)",199.8639620659478,0.0,25.070797406826077,-0.24646012965869613
7,2,"('b', 'c', 1)",229.51602822027115,3.5,25.01692417476015,-0.24915379126199255
7,3,"('a', 'b', 1)",80.95179980281515,3.5,25.11144424871366,-0.24442778756431705
7,4,"('a', 'b', 2)",145.63622641494598,13.5,25.068260058243354,-0.24658699708783227
7,5,"('a', 'b', 2)",196.26759084331397,13.5,25.063661035717665,-0.2468169482141167
7,6,"('a', 'b', 2)",45.05655062176077,13.5,25.041423079020344,-0.2479288460489828
7,7,"('b', 'c', 2)",234.83388923871726,13.135116035665863,25.01151111023639,-0.24942444448818046
8,0,"('a', 'b', 0)",55.02841346917298,0.0,25.025445975697526,-0.24872770121512366
8,1,"('a', 'b', 0)",204.8766065410764,0.0,25.04972328161173,-0.24751383591941356
8,2,"('b', 'c', 1)",234.51905089181267,3.5,25.011886388857608,-0.24940568055711965
8,3,"('a', 'b', 1)",85.97170383735906,3.5,25.078270857807123,-0.24608645710964383
8,4,"('a', 'b', 2)",150.64841771752938,13.5,25.047941220604386,-0.2476029389697807
8,5,"('a', 'b', 2)",201.27896075668903,13.5,25.044711180092516,-0.2477644409953742
8,6,"('a', 'b', 2)",50.06394881776688,13.5,25.029092752343505,-0.24854536238282476
8,7,"('b', 'c', 2)",239.8290182730457,12.872611526134051,25.008084620632417,-0.2495957689683792
9,0,"('a', 'b', 0)",60.03295814137575,0.0,25.017871522026248,-0.24910642389868765
9,1,"('a', 'b', 0)",209.88548716009677,0.0,25.03492224991112,-0.248253887504444
9,2,"('b', 'c', 1)",239.52117381064568,3.5,25.0083481908026,-0.24958259045986997
9,3,"('a', 'b', 1)",90.98568307698388,3.5,25.054972125099102,-0.2472513937450449
9,4,"('a', 'b', 2)",155.65698005898713,13.5,25.03367065150816,-0.248316467424592
9,5,"('a', 'b', 2)",206.28694621025286,13.5,25.031402090819437,-0.24842989545902816
9,6,"('a', 'b', 2)",55.06914480728008,13.5,25.0204327698215,-0.24897836150892494
9,7,"('b', 'c', 2)",244.81976029031043,12.546016140788359,25.005678087467487,-0.24971609562662567
10,0,"('a', 'b', 0)",65.03615000991871,0.0,25.012551741121314,-0.2493724129439343
10,1,"('a', 'b', 0)",214.89172430267345,0.0,25.024527012283254,-0.24877364938583724
10,2,"('b', 'c', 1)",244.52266480439397,3.5,25.005863201222127,-0.24970683993889364
10,3,"('a', 'b', 1)",95.99550114377112,3.5,25.03860868045369,-0.24806956597731544
10,4,"('a', 'b', 2)",160.66299366505893,13.5,25.023647974721783,-0.24881760126391084
10,5,"('a', 'b', 2)",211.29255464951856,13.5,25.02205469204328,-0.24889726539783597
10,6,"('a', 'b', 2)",60.07279411678729,13.5,25.014350587309476,-0.24928247063452624
10,7,"('b', 'c', 2)",249.8061010505226,12.163458361948518,25.003987902309127,-0.2498006048845436
11,0,"('a', 'b', 0)",70.03839176121363,0.0,25.00881548896312,-0.24955922555184407
11,1,"('a', 'b', 0)",219.8961048472541,0.0,25.01722610464887,-0.24913869476755646
11,2,"('b', 'c', 1)",249.5237119769579,3.5,25.004117913615538,-0.2497941043192231
11,3,"('a', 'b', 1)",101.00239668587685,3.5,25.02711611027749,-0.2486441944861255
11,4,"('a', 'b', 2)",165.66721721280763,13.5,25.016608728474008,-0.2491695635762996
11,5,"('a', 'b', 2)",216.29649363566952,13.5,25.015489715125046,-0.24922551424374773
11,6,"('a', 'b', 2)",65.07535714349196,13.5,25.01007887613505,-0.24949605619324744
11,7,"('b', 'c', 2)",254.78836033662068,11.734404517194331,25.002800831251406,-0.2498599584374297
12,0,"('a', 'b', 0)",75.03996621479799,0.0,25.006191399655854,-0.24969043001720725
12,1,"('b', 'c', 0)",224.89918144372223,0.0,25.01209844386862,-0.249395077806569
12,2,"('b', 'c', 1)",254.52444743971887,3.5,25.002892142347264,-0.2498553928826368
12,3,"('a', 'b', 1)",106.0072396454902,3.5,25.019044510921916,-0.24904777445390425
12,4,"('a', 'b', 2)",170.67018354538283,13.5,25.011664840848688,-0.24941675795756557
12,5,"('b', 'c', 2)",221.2992265366546,13.485483516308554,25.010878922008263,-0.2494560538995868
12,6,"('a', 'b', 2)",70.07715723906504,13.5,25.007078716846564,-0.24964606415767177
12,7,"('b', 'c', 2)",259.76718419307974,11.269381710563177,25.001967113306886,-0.24990164433465567
13,0,"('a', 'b', 0)",80.04107200387232,0.0,25.004348417865295,-0.2497825791067353
13,1,"('b', 'c', 0)",229.90134223575473,0.0,25.00849712381445,-0.24957514380927748
13,2,"('b', 'c', 1)",259.52496397872244,3.5,25.002031244007956,-0.2498984377996022
13,3,"('a', 'b', 1)",111.01064101081535,3.5,25.013375568713336,-0.24933122156433318
13,4,"('a', 'b', 2)",175.6722668955591,13.5,25.00819259055491,-0.24959037047225452
13,5,"('b', 'c', 2)",226.3006820152121,13.418135888880697,25.007640614634063,-0.24961796926829682
13,6,"('a', 'b', 2)",75.07842150371994,13.5,25.004971609088397,-0.2497514195455801
13,7,"('b', 'c', 2)",264.74349934535707,10.779714097847357,25.001381566547494,-0.24993092167262532
14,0,"('a', 'b', 0)",85.041848634882,0.0,25.00305403284915,-0.2498472983575425
14,1,"('b', 'c', 0)",234.90285982906153,0.0,25.005967801636487,-0.2497016099181757
14,2,"('b', 'c', 1)",264.5253267605741,3.5,25.001426607588577,-0.24992866962057114
14,3,"('a', 'b', 1)",116.01302989839624,3.5,25.009394089411835,-0.2495302955294083
14,4,"('a', 'b', 2)",180.67373009897508,13.5,25.00575391819494,-0.2497123040902529
14,5,"('b', 'c', 2)",231.3000543094579,13.278450029718066,25.005366247863705,-0.24973168760681475
14,6,"('a', 'b', 2)",80.079309437195,13.5,25.003491719963318,-0.2498254140018341
14,7,"('b', 'c', 2)",269.71843698344196,10.277260587131499,25.00097031834337,-0.24995148408283152
15,0,"('a', 'b', 0)",90.04239408766247,0.0,25.002144944881707,-0.24989275275591472
15,1,"('b', 'c', 0)",239.9039256833456,0.0,25.00419137782974,-0.24979043110851296
15,2,"('b', 'c', 1)",269.5255815538636,3.5,25.001001952106108,-0.2499499023946946
15,3,"('a', 'b', 1)",121.01470769049696,3.5,25.006597769243978,-0.24967011153780105
15,4,"('a', 'b', 2)",185.67475775350044,13.5,25.00404116065269,-0.2497979419673655
15,5,"('b', 'c', 2)",236.29643142673055,13.065332120331172,25.0037688873885,-0.249811555630575
15,6,"('a', 'b', 2)",85.07993306125428,13.5,25.002452346531165,-0.24987738267344173
15,7,"('b', 'c', 2)",274.693234917771,9.774154012561313,25.000681485585467,-0.24996592572072662
16,0,"('a', 'b', 0)",95.04277717658373,0.0,25.001506463346274,-0.24992467683268627
16,1,"('b', 'c', 0)",244.90467426687567,0.0,25.00294373861293,-0.24985281306935347
16,2,"('b', 'c', 1)",274.5257605033344,3.5,25.000703702988105,-0.24996481485059474
16,3,"('a', 'b', 1)",126.01588605751421,3.5,25.004633824215247,-0.24976830878923761
16,4,"('a', 'b', 2)",190.67547950811908,13.5,25.00283823628831,-0.24985808818558453
16,5,"('b', 'c', 2)",241.28911813641997,12.783391664365661,25.00264701007258,-0.24986764949637108
16,6,"('a', 'b', 2)",90.08037105236313,13.5,25.001722361349735,-0.2499138819325133
16,7,"('b', 'c', 2)",279.6691279354101,9.282541565007978,25.000478629108038,-0.24997606854459808
17,0,"('a', 'b', 0)",100.04304623217726,0.0,25.001058037357055,-0.24994709813214722
17,1,"('b', 'c', 0)",249.90520002101476,0.0,25.002067481714434,-0.2498966259142783
17,2,"('b', 'c', 1)",279.52588618526727,3.5,25.000494233100014,-0.24997528834499927
17,3,"('a', 'b', 1)",131.0167136623329,3.5,25.003254482850764,-0.24983727585746185
17,4,"('a', 'b', 2)",195.67598641945617,13.5,25.001993384059826,-0.24990033079700869
17,5,"('b', 'c', 2)",246.2777326384097,12.43958373142107,25.001859079776626,-0.24990704601116875
17,6,"('a', 'b', 2)",95.08067866751777,13.5,25.00120966942533,-0.24993951652873359
17,7,"('b', 'c', 2)",284.64723644186193,8.814325060050004,25.000336156520323,-0.2499831921739839
18,0,"('a', 'b', 0)",105.04323519852005,0.0,25.000743093452417,-0.2499628453273791
18,1,"('b', 'c', 0)",254.90556927495058,0.0,25.001452058488052,-0.2499273970755974
18,2,"('b', 'c', 1)",284.5259744557057,3.5,25.000347115702613,-0.24998264421486938
18,3,"('a', 'b', 1)",136.01729491564865,3.5,25.002285727324544,-0.24988571363377277
18,4,"('a', 'b', 2)",200.6763424394899,13.5,25.00140001733694,-0.24992999913315295
18,5,"('b', 'c', 2)",251.26225171965353,12.042452084949822,25.00130569114627,-0.24993471544268642
18,6,"('a', 'b', 2)",100.08089471547275,13.5,25.000849589500366,-0.24995752052498177
18,7,"('b', 'c', 2)",289.6284633639668,8.380899600826108,25.00023609346832,-0.249988195326584
19,0,"('a', 'b', 0)",110.04336791562226,0.0,25.000521898282084,-0.2499739050858958
19,1,"('b', 'c', 0)",259.90582861379164,0.0,25.00101982708626,-0.24994900864568703
19,2,"('b', 'c', 1)",289.5260364508559,3.5,25.000243790452316,-0.24998781047738416
19,3,"('a', 'b', 1)",141.01770314843006,3.5,25.00160533935551,-0.24991973303222448
19,4,"('a', 'b', 2)",205.67659248373855,13.5,25.000983276922515,-0.24995083615387426
19,5,"('b', 'c', 2)",256.24301926352007,11.601796736114183,25.00091702862399,-0.24995414856880038
19,6,"('a', 'b', 2)",105.08104645285675,13.5,25.00059669386034,-0.2499701653069829
19,7,"('b', 'c', 2)",294.6134088173859,7.9928906777677895,25.000165815988723,-0.2499917092005639
20,0,"('a', 'b', 0)",115.04346112708498,0.0,25.00036654584421,-0.2499816727077896
20,1,"('b', 'c', 0)",264.9060107557486,0.0,25.000716257157976,-0.24996418714210122
20,2,"('b', 'c', 1)",294.5260799920313,3.5,25.00017122182659,-0.24999143890867048
20,3,"('a', 'b', 1)",146.01798986336024,3.5,25.001127481138575,-0.2499436259430713
20,4,"('a', 'b', 2)",210.6767680978062,13.5,25.000690586809778,-0.24996547065951114
20,5,"('b', 'c', 2)",261.22071766975233,11.128403197529579,25.00064405851232,-0.24996779707438388
20,6,"('a', 'b', 2)",110.0811530228713,13.5,25.000419077169404,-0.24997904614152977
20,7,"('b', 'c', 2)",299.60231106047,7.659892535042791,25.000116457868625,-0.2499941771065688
21,0,"('a', 'b', 0)",120.04352659247445,0.0,25.000257436861776,-0.24998712815691115
21,1,"('b', 'c', 0)",269.9061386798665,0.0,25.000503050294768,-0.24997484748526166
21,2,"('b', 'c', 1)",299.5261105723905,3.5,25.000120254561338,-0.24999398727193312
21,3,"('a', 'b', 1)",151.01819123241955,3.5,25.000791866039712,-0.24996040669801434
21,4,"('a', 'b', 2)",215.67689143717882,13.5,25.000485021188762,-0.24997574894056185
21,5,"('b', 'c', 2)",266.19630598674644,10.633778525185397,25.00045234287834,-0.24997738285608295
21,6,"('a', 'b', 2)",115.08122787039868,13.5,25.000294331290448,-0.24998528343547766
21,7,"('b', 'c', 2)",304.5950205374621,7.390214208199322,25.000081792083314,-0.24999591039583424
22,0,"('a', 'b', 0)",125.04357257090984,0.0,25.000180806136118,-0.24999095969319407
22,1,"('b', 'c', 0)",274.9062285250632,0.0,25.000353308300305,-0.24998233458498476
22,2,"('b', 'c', 1)",304.52613204995413,3.5,25.000084458621952,-0.24999577706890241
22,3,"('a', 'b', 1)",156.018332660346,3.5,25.000556152828988,-0.24997219235855062
22,4,"('b', 'c', 2)",220.67695499043126,13.491230331622765,25.00034064588292,-0.24998296770585404
22,5,"('b', 'c', 2)",271.17093182137415,10.129888823418657,25.000317694861057,-0.2499841152569472
22,6,"('a', 'b', 2)",120.0812804382094,13.5,25.00020671827258,-0.24998966408637102
22,7,"('b', 'c', 2)",309.59101117021913,7.1906432390602975,25.000057445194315,-0.24999712774028426
23,0,"('a', 'b', 0)",130.04360486303457,0.0,25.000126985928247,-0.2499936507035876
23,1,"('b', 'c', 0)",279.90629162621644,0.0,25.000248139711598,-0.24998759301442008
23,2,"('b', 'c', 1)",309.52614713433354,3.5,25.000059317989628,-0.24999703410051866
23,3,"('a', 'b', 1)",161.018431989699,3.5,25.000390603907327,-0.24998046980463362
23,4,"('b', 'c', 2)",225.6766196521053,13.430655006005189,25.000239246491155,-0.2499880376754422
23,5,"('b', 'c', 2)",276.14582578922335,9.628898528292465,25.000223127254955,-0.24998884363725227
23,6,"('a', 'b', 2)",125.08131735826304,13.5,25.000145184849877,-0.2499927407575061
23,7,"('b', 'c', 2)",314.5894294805769,7.0662398038747325,25.000040345596005,-0.24999798272019969
24,0,"('a', 'b', 0)",135.0436275428259,0.0,25.00008918627608,-0.2499955406861959
24,1,"('b', 'c', 0)",284.9063359441732,0.0,25.000174276450394,-0.24999128617748023
24,2,"('b', 'c', 1)",314.52615772857536,3.5,25.000041660920015,-0.2499979169539992
24,3,"('a', 'b', 1)",166.01850175187835,3.5,25.000274333608438,-0.24998628331957806
24,4,"('b', 'c', 2)",230.67491566699735,13.300051555369762,25.000168030457434,-0.24999159847712826
24,5,"('b', 'c', 2)",281.12218805580545,9.14291076886201,25.000156709402656,-0.24999216452986717
24,6,"('a', 'b', 2)",130.0813432883967,13.5,25.000101967960408,-0.24999490160197957
24,7,"('b', 'c', 2)",319.5891484320765,7.014839855776841,25.000028336001584,-0.24999858319992074
25,0,"('a', 'b', 0)",140.04364347156823,0.0,25.000062638372228,-0.24999686808138866
25,1,"('b', 'c', 0)",289.90636707009065,0.0,25.000122399921267,-0.24999388000393663
25,2,"('b', 'c', 1)",319.5261651692499,3.5,25.000029259795674,-0.24999853701021624
25,3,"('a', 'b', 1)",171.0185507480866,3.5,25.000192673261342,-0.24999036633693295
25,4,"('b', 'c', 2)",235.67073881627041,13.095932639079614,25.00011801316078,-0.24999409934196104
25,5,"('b', 'c', 2)",286.1010767751683,8.683707174559594,25.000110062022166,-0.24999449689889164
25,6,"('a', 'b', 2)",135.08136149995838,13.5,25.00007161535765,-0.24999641923211746
25,7,"('c', 'd', 2)",324.58913517269804,7.002544722006863,25.000019901279575,-0.2504442263829745
26,0,"('a', 'b', 0)",145.04365465883308,0.0,25.000043992930838,-0.2499978003534581
26,1,"('b', 'c', 0)",294.9063889308173,0.0,25.0000859653768,-0.24999570173115992
26,2,"('c', 'd', 1)",324.5261703950735,3.5,25.000020550089694,-0.24999897249551528
26,3,"('a', 'b', 1)",176.01858515968965,3.5,25.000135320589585,-0.24999323397052076
26,4,"('b', 'c', 2)",240.66323409250512,12.822303620862572,25.000082884414706,-0.24999585577926475
26,5,"('b', 'c', 2)",291.08330810635766,8.262485928854883,25.000077300075926,-0.24999613499620366
26,6,"('a', 'b', 2)",140.08137429052022,13.5,25.00005029775462,-0.24999748511226905
26,7,"('c', 'd', 2)",329.6961340635497,7.000392385673409,26.488354169348618,-0.17673171609544305
27,0,"('a', 'b', 0)",150.04366251600675,0.0,25.000030897641413,-0.2499984551179294
27,1,"('b', 'c', 0)",299.90640428430436,0.0,25.00006037623172,-0.24999698118841407
27,2,"('c', 'd', 1)",329.5261740653364,3.5,25.000014432984806,-0.24999927835075975
27,3,"('a', 'b', 1)",181.01860932805832,3.5,25.00009503997513,-0.2499952480012435
27,4,"('b', 'c', 2)",245.65188994333303,12.485847844327589,25.000058212373567,-0.2499970893813217
27,5,"('b', 'c', 2)",296.06937694633604,7.889598783468262,25.000054290313955,-0.24999728548430222
27,6,"('a', 'b', 2)",145.08138327374058,13.5,25.000035325720663,-0.2499982337139668
27,7,"('c', 'd', 2)",335.06895121323555,7.000041010394931,27.53365889534498,-0.12626399301730648
28,0,"('a', 'b', 0)",155.0436680343509,0.0,25.000021700401103,-0.24999891497994486
28,1,"('b', 'c', 0)",304.906415067549,0.0,25.000042404157256,-0.24999787979213717
28,2,"('c', 'd', 1)",334.52617664307934,3.5,25.000010136746532,-0.24999949316267345
28,3,"('a', 'b', 1)",186.01862630227612,3.5,25.000066749612163,-0.2499966625193919
28,4,"('b', 'c', 2)",250.63657598900593,12.09492117043303,25.000040884410517,-0.24999795577947415
28,5,"('b', 'c', 2)",301.05940638669784,7.57429083939727,25.0000381298227,-0.24999809350886504
28,6,"('a', 'b', 2)",150.0813895829434,13.5,25.00002481038269,-0.24999875948086547
28,7,"('c', 'd', 2)",340.62846066183744,7.000001607509545,28.267809814014583,-0.09395589450272049
29,0,"('a', 'b', 0)",160.0436719100604,0.0,25.000015240885276,-0.2499992379557362
29,1,"('b', 'c', 0)",309.90642264096635,0.0,25.000029781794947,-0.2499985109102527
29,2,"('c', 'd', 1)",339.5261784535106,3.5,25.000007119361076,-0.2499996440319462
29,3,"('a', 'b', 1)",191.01863822381176,3.5,25.000046880386044,-0.24999765598069779
29,4,"('b', 'c', 2)",255.61754812419056,11.659177870831744,25.00002871442824,-0.24999856427858802
29,5,"('b', 'c', 2)",306.0531319559348,7.324450576991215,25.000026779793174,-0.2499986610103413
29,6,"('a', 'b', 2)",155.08139401409815,13.5,25.000017425124742,-0.24999912874376284
29,7,"('c', 'd', 2)",346.3190900689488,6.9999996442505,28.783427468827803,-0.07838071867703911
30,0,"('a', 'b', 0)",165.04367463209508,0.0,25.00001070416085,-0.24999946479195745
30,1,"('b', 'c', 0)",314.9064279600194,0.0,25.000020916706465,-0.4262774558138156
30,2,"('c', 'd', 0)",343.6130719222975,0.7903926962186789,25.00000500015483,-20.24999974999226
30,3,"('a', 'b', 1)",196.0186465966873,3.5,25.00003292559349,-0.24999835372032542
30,4,"('b', 'c', 2)",260.5954190099903,11.189293037015558,25.00002016706071,-0.24999899164696449
30,5,"('b', 'c', 2)",311.0499238030335,7.146381063475868,25.00001880830467,-0.24999905958476654
30,6,"('a', 'b', 2)",160.08139712623975,13.5,25.00001223822204,-0.249999388088898
30,7,"('c', 'd', 2)",352.10180921358716,6.999999917312445,29.145562227763836,-0.0825226215651491
31,0,"('a', 'b', 0)",170.04367654386704,0.0,25.000007517874288,-0.24999962410628562
31,1,"('b', 'c', 0)",319.9064316957604,0.0,25.000014690471478,-0.43293652706252495
31,2,"('c', 'd', 0)",348.56532061163784,0.1516408056881861,25.00000351176855,-0.24999982441157242
31,3,"('a', 'b', 1)",201.01865247722537,3.5,25.000023124696664,-0.2499988437651668
31,4,"('b', 'c', 2)",265.571096265164,10.696697240192096,25.000014163971308,-0.24999929180143465
31,5,"('b', 'c', 2)",316.04884618170456,7.04460557568074,25.00001320967351,-0.24999933951632447
31,6,"('a', 'b', 2)",165.08139931199628,13.5,25.00000859529449,-0.24999957023527553
31,7,"('c', 'd', 2)",357.9492059242248,6.999999992881079,29.39990104336774,-0.11509827277184177
32,0,"('a', 'b', 0)",175.04367788656558,0.0,25.000005280043396,-0.2499997359978302
32,1,"('c', 'd', 0)",324.9064343194907,0.0,25.000010317587652,-0.43320033787127454
32,2,"('c', 'd', 0)",353.56342972040596,0.026339400749259716,25.000002466427294,-0.24999987667863532
32,3,"('a', 'b', 1)",206.01865660731522,3.5,25.000016241213572,-0.2499991879393214
32,4,"('b', 'c', 2)",270.54569456299686,10.193313395336089,25.00000994780975,-0.24999950260951243
32,5,"('c', 'd', 2)",321.0487058047707,7.008686036874484,25.00000927757591,-0.2502232675370817
32,6,"('a', 'b', 2)",170.08140084712295,13.5,25.000006036750037,-0.24999969816249812
32,7,"('c', 'd', 2)",363.84202775666176,7.000000000282349,29.57853132263962,-0.19184585398967788
33,0,"('a', 'b', 0)",180.04367882958567,0.0,25.000003708343236,-0.24999981458283815
33,1,"('c', 'd', 0)",329.9064361622203,0.0,25.000007246371574,-0.4332082473375738
33,2,"('c', 'd', 0)",358.5633724774877,0.004519194713320648,25.00000173225072,-0.24999991338746397
33,3,"('a', 'b', 1)",211.01865950800934,3.5,25.000011406723388,-0.2499994296638306
33,4,"('b', 'c', 2)",275.5204298968907,9.691295606691757,25.000006986664737,-0.24999965066676322
33,5,"('c', 'd', 2)",326.0487011851958,7.001489433400694,25.000006515938086,-0.2505866351983986
33,6,"('a', 'b', 2)",175.08140192529146,13.5,25.000004239802493,-0.24999978800987532
33,7,"('c', 'd', 2)",369.76675310399736,7.000000000161419,29.703989077080227,-0.335553286290149
34,0,"('a', 'b', 0)",185.0436794918988,0.0,25.00000260448798,-0.24999986977560096
34,1,"('c', 'd', 0)",334.9064374564282,0.0,25.000005089358364,-0.43320838468796957
34,2,"('c', 'd', 0)",363.5633710878177,0.0007749122431404095,25.000001216615047,-0.24999993916924768
34,3,"('a', 'b', 1)",216.01866154525953,3.5,25.000008011306413,-0.2499995994346793
34,4,"('b', 'c', 2)",280.4965052661214,9.202769354432823,25.000004906957948,-0.24999975465210267
34,5,"('c', 'd', 2)",331.048702164389,7.000255390065184,25.000004576351575,-0.2514645675776763
34,6,"('a', 'b', 2)",180.08140268252367,13.5,25.0000029777488,-0.24999985111256007
34,7,"('c', 'd', 2)",375.7138853095335,7.00000000001906,29.792102067853328,-0.5731191265890238
35,0,"('a', 'b', 0)",190.0436799570625,0.0,25.00000182921515,-0.24999990853924248
35,1,"('c', 'd', 0)",339.90643836539175,0.0,25.00000357441904,-0.4332083215634001
35,2,"('c', 'd', 0)",368.56337125514904,0.00013287252632067362,25.000000854467633,-0.2499999572766184
35,3,"('b', 'c', 1)",221.01866297608544,3.5,25.000005626596547,-0.24999971867017268
35,4,"('b', 'c', 2)",285.4749974148625,8.739571398504594,25.0000034463134,-0.24999982768433004
35,5,"('c', 'd', 2)",336.0487029763028,7.000043791132295,25.000003214117978,-0.2534770462343149
35,6,"('a', 'b', 2)",185.08140321435206,13.5,25.000002091368156,-0.24999989543159218
35,7,"('c', 'd', 2)",381.6767545677427,7.000000000000036,29.85398663750467,-0.9282255759644101
36,0,"('a', 'b', 0)",195.04368028376183,0.0,25.000001284716266,-0.24999993576418666
36,1,"('c', 'd', 0)",344.9064390037859,0.0,25.000002510428736,-0.4332082725365671
36,2,"('c', 'd', 0)",373.5633714062888,2.2783352084366208e-05,25.00000060011993,-0.24999996999400353
36,3,"('b', 'c', 1)",226.0186639810002,3.5,25.00000395173859,-0.2499998024130704
36,4,"('b', 'c', 2)",290.4567542263526,8.3129880376966,25.00000242045605,-0.24999987897719755
36,5,"('c', 'd', 2)",341.0487035501874,7.0000075087634235,25.000002257377787,-0.2578516841798044
36,6,"('a', 'b', 2)",190.08140358787213,13.5,25.000001468834697,-0.2499999265582652
36,7,"('c', 'd', 2)",387.6506764610254,6.999999999999678,29.897450148700123,-1.4098160735746061
37,0,"('a', 'b', 0)",200.04368051321325,0.0,25.000000902297295,-0.24999995488513527
37,1,"('c', 'd', 0)",349.90643945215055,0.0,25.00000176315434,-0.43320823796547914
37,2,"('c', 'd', 0)",378.56337151342757,3.906610040188941e-06,25.000000421483406,-0.2499999789258297
37,3,"('b', 'c', 1)",231.01866468678398,3.5,25.000002775432318,-0.24999986122838413
37,4,"('b', 'c', 2)",295.4423119256426,7.93349210883939,25.000001699963644,-0.24999991500181784
37,5,"('c', 'd', 2)",346.0487039533523,7.000001287510377,25.00000158542857,-0.26686517344590377
37,6,"('a', 'b', 2)",195.08140385020718,13.5,25.000001031609557,-0.2499999484195221
37,7,"('c', 'd', 2)",393.52536508840643,6.99999999999995,28.439635769731773,-2.062560033657831
38,0,"('a', 'b', 0)",205.04368067436428,0.0,25.000000633712226,-0.24999996831438875
38,1,"('c', 'd', 0)",354.9064397670514,0.0,25.000001238319648,-0.43320821368104434
38,2,"('c', 'd', 0)",383.5633715887036,6.698576399353633e-07,25.00000029602127,-0.24999998519893651
38,3,"('b', 'c', 1)",236.01866518247846,3.5,25.00000194927482,-0.24999990253625892
38,4,"('b', 'c', 2)",300.4318402234756,7.610482087636514,25.0000011939388,-0.24999994030305994
38,5,"('c', 'd', 2)",351.04870423651096,7.0000002207664656,25.00000111349716,-0.28445888371566713
38,6,"('a', 'b', 2)",200.0814040344535,13.5,25.000000724532367,-0.24999996377338163
38,7,"('c', 'd', 2)",399.0326909830828,6.999999999999995,25.92742594527115,-2.7807327693515345
39,0,"('a', 'b', 0)",210.04368078754578,0.0,25.000000445076353,-0.24999997774618232
39,1,"('c', 'd', 0)",359.9064399882163,0.0,25.000000869711467,-0.4332081966251798
39,2,"('c', 'd', 0)",388.56337164157327,1.1485898590950797e-07,25.0000002079052,-0.24999998960474
39,3,"('b', 'c', 1)",241.01866553062055,3.5,25.000001369038007,-0.24999993154809963
39,4,"('b', 'c', 2)",305.4251217185647,7.352030299874676,25.00000083854138,-0.24999995807293107
39,5,"('c', 'd', 2)",356.04870443538243,7.000000037854325,25.000000782044644,-0.3169724172542094
39,6,"('a', 'b', 2)",205.08140416385555,13.5,25.00000050886224,-0.24999997455688805
39,7,"('c', 'd', 2)",403.98433825067445,6.999999999999999,22.67468049928509,-3.4612815544214017
40,0,"('a', 'b', 0)",215.04368086703676,0.0,25.000000312591347,-0.2499999843704327
40,1,"('c', 'd', 0)",364.90644014354746,0.0,25.00000061082616,-0.43320818464630895
40,2,"('c', 'd', 0)",393.56337167870527,1.9694613033837644e-08,25.000000146018465,-0.2499999926990768
40,3,"('b', 'c', 1)",246.01866577513186,3.5,25.00000096151915,-0.24999995192404256
40,4,"('b', 'c', 2)",310.4215691040423,7.164650778790291,25.000000588934412,-0.24999997055327938
40,5,"('c', 'd', 2)",361.0487045750562,7.0000000064907955,25.00000054925495,-0.37381570202590764
40,6,"('a', 'b', 2)",210.08140425473877,13.5,25.000000357390217,-0.24999998213048913
40,7,"('c', 'd', 2)",408.2480466196826,6.999999999999999,18.901833217604892,-4.038925389427136
41,0,"('b', 'c', 0)",220.0436809228658,0.0,25.00000021954289,-0.24999998902285547
41,1,"('c', 'd', 0)",369.9064402526415,0.0,25.000000429002732,-0.43320817623316116
41,2,"('c', 'd', 0)",398.5633717047843,3.3769912344760247e-09,25.000000102553436,-0.24999999487232816
41,3,"('b', 'c', 1)",251.01866594685998,3.5,25.00000067530563,-0.24999996623471854
41,4,"('b', 'c', 2)",315.42028003384854,7.053099806452466,25.00000041362746,-0.24999997931862694
41,5,"('c', 'd', 2)",366.0487046731536,7.000000001112962,25.000000385759307,-0.4677412179587354
41,6,"('a', 'b', 2)",215.08140431856896,13.5,25.000000251006572,-0.24999998744967145
41,7,"('c', 'd', 1)",410.65094512895854,4.389536470171562,16.252041985478332,-0.6873979007260834
42,0,"('b', 'c', 0)",225.04368096207634,0.0,25.00000015419199,-0.24999999229040049
42,1,"('c', 'd', 0)",374.9064403292617,0.0,25.000000301302332,-0.433208170324325
42,2,"('c', 'd', 0)",403.5633717231005,5.790456655414594e-10,25.00000007202656,-0.2499999963986721
42,3,"('b', 'c', 1)",256.0186660674701,3.5,25.000000474288726,-0.2499999762855637
42,4,"('c', 'd', 2)",320.4200969927039,7.012414846332925,25.000000290503788,-0.25019746755285444
42,5,"('c', 'd', 2)",371.0487047420506,7.000000000190837,25.000000270931093,-0.6142426605838758
42,6,"('b', 'c', 2)",220.08139097404725,13.493319356815233,25.000000176289937,-0.2499999911855031
42,7,"('c', 'd', 1)",413.67741166532375,3.952188873841313,14.391008911611669,-0.7804495544194165
43,0,"('b', 'c', 0)",230.04368098961515,0.0,25.000000108293964,-0.24999999458530175
43,1,"('c', 'd', 0)",379.90644038307454,0.0,25.000000211614257,-0.43320816617437247
43,2,"('c', 'd', 0)",408.56337173596444,9.928724858129191e-11,25.000000050586557,-0.24999999747067214
43,3,"('b', 'c', 1)",261.01866615217847,3.5,25.000000333108133,-0.2499999833445934
43,4,"('c', 'd', 2)",325.4200842223889,7.002128835627831,25.000000204030094,-0.2505213517111392
43,5,"('c', 'd', 2)",376.04870479043905,7.000000000032722,25.000000190283565,-0.8295971383145808
43,6,"('b', 'c', 2)",225.08109036316236,13.441073161855279,25.000000123814058,-0.24999999380929716
43,7,"('c', 'd', 1)",416.44420328831245,3.6710825477106845,13.083945902256756,-0.8458027048871621
44,0,"('b', 'c', 0)",235.04368100895653,0.0,25.000000076058313,-0.24999999619708435
44,1,"('c', 'd', 0)",384.90644042086905,0.0,25.000000148623457,-0.44817084387339057
44,2,"('c', 'd', 0)",413.4563758602256,1.8736466878455852e-11,23.511659843484658,-0.3244170078257671
44,3,"('b', 'c', 1)",266.01866621167187,3.5,25.00000023395249,-0.24999998830237546
44,4,"('c', 'd', 2)",330.420083881799,7.000365028038671,25.000000143296855,-0.2513092871071218
44,5,"('c', 'd', 2)",381.04870482442385,7.000000000005611,25.000000133642228,-1.1272975676857255
44,6,"('b', 'c', 2)",230.07957045890944,13.319461667430597,25.00000008695857,-0.24999999565207154
44,7,"('c', 'd', 1)",419.10029486217144,3.5780963526610874,13.654293967017091,-0.8172853016491455
45,0,"('b', 'c', 0)",240.04368102254062,0.0,25.000000053418184,-0.24999999732909084
45,1,"('c', 'd', 0)",389.90644044741333,0.0,25.000000104383005,-0.5007482270801098
45,2,"('c', 'd', 0)",418.0835611985269,4.261006999086225e-12,22.4663509463157,-0.37668245268421496
45,3,"('b', 'c', 1)",271.018666253456,3.5,25.00000016431231,-0.24999999178438448
45,4,"('c', 'd', 2)",335.4200838963067,7.000062590548512,25.000000100641962,-0.2531276621955295
45,5,"('c', 'd', 2)",386.04870484829246,7.000000000000962,25.000000093861207,-1.5131440805950898
45,6,"('b', 'c', 2)",235.07570923900025,13.124000766951623,25.00000006107378,-0.24999999694631092
45,7,"('d', 'e', 1)",421.96659173421216,3.5342040801254613,15.54320783417387,-0.7228396082913064
46,0,"('b', 'c', 0)",245.04368103208114,0.0,25.000000037517296,-0.2499999981241352
46,1,"('c', 'd', 0)",394.9064404660562,0.0,25.000000073311522,-0.5809746432585295
46,2,"('d', 'e', 0)",422.5240535074574,1.0585224039254999e-12,21.73219709809827,-0.41339014509508654
46,3,"('b', 'c', 1)",276.01866628280226,3.5,25.00000011540179,-0.24999999422991048
46,4,"('c', 'd', 2)",340.4200839139555,7.000010732261265,25.000000070684067,-0.2571070418227826
46,5,"('c', 'd', 2)",391.04870486505615,7.000000000000165,25.000000065921725,-1.979992147053595
46,6,"('b', 'c', 2)",240.06861339879455,12.858347977838552,25.00000004289407,-0.24999999785529659
46,7,"('d', 'e', 1)",425.27752942775436,3.513133321708497,18.358192607814843,-0.5820903696092579
47,0,"('b', 'c', 0)",250.04368103878176,0.0,25.000000026349596,-0.2499999986825202
47,1,"('c', 'd', 0)",399.9064404791497,0.0,25.000000051489025,-0.6822737792254672
47,2,"('d', 'e', 0)",426.8334253348543,2.776131448623091e-13,21.21657738576998,-0.43917113071150093
47,3,"('b', 'c', 1)",281.0186663034131,3.5,25.000000081050366,-0.24999999594748168
47,4,"('c', 'd', 2)",345.4200839265702,7.000001840236821,25.000000049643678,-0.2653618259406839
47,5,"('c', 'd', 2)",396.0487048768298,7.000000000000028,25.000000046298933,-2.5038273646325377
47,6,"('b', 'c', 2)",245.05772584213335,12.528969694667715,25.000000030125875,-0.24999999849370624
47,7,"('d', 'e', 1)",429.1982815190151,3.5040289801387097,21.823586577779423,-0.4088206711110288
48,0,"('b', 'c', 0)",255.04368104348782,0.0,25.00000001850616,-0.24999999907469195
48,1,"('c', 'd', 0)",404.9064404883457,0.0,25.000000036162387,-0.8002698714077916
48,2,"('d', 'e', 0)",431.0507070572511,7.551617281243887e-14,20.85444118177535,-0.4572779409112325
48,3,"('b', 'c', 1)",286.0186663178888,3.5,25.000000056924264,-0.24999999715378673
48,4,"('c', 'd', 2)",350.4200839354363,7.00000031554129,25.000000034866343,-0.28158508025775475
48,5,"('c', 'd', 2)",400.9417090003252,7.000000000000005,23.51165984047332,-3.106154988716855
48,6,"('b', 'c', 2)",250.04286807766576,12.144050165339504,25.000000021158364,-0.2499999989420818
48,7,"('d', 'e', 1)",433.73796615015993,3.5009291244321976,24.257443522391036,-0.2871278238804482
49,0,"('b', 'c', 0)",260.04368104679304,0.0,25.000000012997468,-0.24999999935012662
49,1,"('c', 'd', 0)",409.9064404948043,0.0,25.000000025398,-0.9320667659263671
49,2,"('d', 'e', 0)",435.2033109555599,2.072922190209223e-14,20.600101351260605,-0.46999493243696977
49,3,"('b', 'c', 1)",291.0186663280555,3.5,25.00000003997973,-0.24999999800101347
49,4,"('c', 'd', 2)",355.42008394166345,7.0000000541051595,25.000000024487747,-0.3117740925507661
49,5,"('c', 'd', 2)",405.46189845331514,7.000000000000001,20.978010752156845,-3.6890415327678294
49,6,"('b', 'c', 2)",255.02424951767085,11.713104697904978,25.000000014860195,-0.24999999925699024
49,7,"('d', 'e', 1)",438.71234076663,3.500161801392467,25.966819044532524,-0.20165904777337373
50,0,"('b', 'c', 0)",265.0436810491144,0.0,25.000000009128534,-0.24999999954357333
50,1,"('c', 'd', 0)",414.9064404993404,0.0,25.000000017837827,-1.0757932755546487
50,2,"('d', 'e', 0)",439.31048955080564,6.30440919412263e-15,20.421470359184404,-0.4789264820407798
50,3,"('b', 'c', 1)",296.0186663351959,3.5,25.000000028079043,-0.24999999859604782
50,4,"('c', 'd', 2)",360.420083946037,7.000000009277291,25.00000001719853,-0.36492540154060443
50,5,"('c', 'd', 2)",409.4225802090502,7.000000000000001,17.710207825931832,-4.191089334071022
50,6,"('b', 'c', 2)",260.0024420160218,11.246700826012738,25.00000001043679,-0.24999999947816054
50,7,"('d', 'e', 1)",443.99201132612194,3.5000202121800927,27.167368108094173,-0.1416315945952913
51,0,"('b', 'c', 0)",270.0436810507448,0.0,25.000000006411263,-0.24999999967943687
51,1,"('c', 'd', 0)",419.90644050252627,0.0,25.000000012528076,-1.2303087114601223
51,2,"('d', 'e', 0)",443.3857645038451,1.5319498098506473e-15,20.29601210411854,-0.48519939479407304
51,3,"('b', 'c', 1)",301.01866634021087,3.5,25.00000001972081,-0.24999999901395942
51,4,"('c', 'd', 2)",365.42008394910863,7.000000001590756,25.000000012079077,-0.4533812712605848
51,5,"('c', 'd', 1)",411.53853989918275,4.405629695778396,15.415125386662684,-0.7292437306668658
51,6,"('b', 'c', 2)",264.978321544123,10.756192961447562,25.000000007330087,-0.24999999963349562
51,7,"('d', 'e', 1)",449.48610093880006,3.5000014116983538,28.01055208689193,-0.09947239565540344
52,0,"('b', 'c', 0)",275.04368105188985,0.0,25.000000004502837,-0.2499999997748581
52,1,"('d', 'e', 0)",424.79944461999014,0.0,23.51165981675497,-1.2049595501000177
52,2,"('d', 'e', 0)",447.43863250927205,3.855746597468144e-16,20.207898761740317,-0.48960506191298414
52,3,"('b', 'c', 1)",306.018666343733,3.5,25.000000013850556,-0.2499999993074722
52,4,"('c', 'd', 2)",370.42008395126595,7.000000000272764,25.000000008483525,-0.5923664187795638
52,5,"('c', 'd', 1)",414.553322618854,3.9673465054032295,15.291555827121117,-0.7354222086439441
52,6,"('b', 'c', 2)",269.95298291177556,10.253459105981278,25.000000005148156,-0.24999999974259224
52,7,"('d', 'e', 1)",455.130783904113,3.499999939204555,28.60274714470325,-0.06986264276483745
53,0,"('b', 'c', 0)",280.04368105269407,0.0,25.000000003162487,-0.2499999998418756
53,1,"('d', 'e', 0)",429.4266299535176,0.0,22.46635092754259,-1.1615866730406244
53,2,"('d', 'e', 0)",451.58275928400263,1.4791629669646862e-16,21.634354137189362,-0.4182822931405319
53,3,"('b', 'c', 1)",311.01866634620677,3.5,25.00000000972769,-0.2499999995136155
53,4,"('c', 'd', 2)",375.4200839527811,7.00000000004677,25.000000005958253,-0.7982222249789276
53,5,"('c', 'd', 1)",417.5884530630522,3.6727182415165927,15.204768975975325,-0.7397615512012338
53,6,"('b', 'c', 2)",274.92763562561606,9.750639475116927,25.00000000361571,-0.2499999998192145
53,7,"('d', 'e', 1)",460.88123339415466,3.499999968016163,29.0186646613005,-0.049066766934974915
54,0,"('b', 'c', 0)",285.0436810532589,0.0,25.000000002221114,-0.24999999988894428
54,1,"('d', 'e', 0)",433.8671222590952,0.0,21.732197084913313,-1.053610166231537
54,2,"('d', 'e', 0)",456.0886480475994,-3.648804114503796e-17,24.124539531194724,-0.2937730234402638
54,3,"('b', 'c', 1)",316.01866634794413,3.5,25.000000006832067,-0.2499999996583966
54,4,"('c', 'd', 2)",380.4200839538453,7.000000000008019,25.000000004184674,-1.0850402152196477
54,5,"('d', 'e', 1)",420.6231846898411,3.5698936303944,15.143815796569776,-0.7428092101715112
54,6,"('b', 'c', 2)",279.9034900529691,9.259876598428555,25.00000000253943,-0.24999999987302846
54,7,"('d', 'e', 1)",466.70596609497954,3.4999999959344166,29.3107768265924,-0.03446115867038002
55,0,"('b', 'c', 0)",290.04368105365563,0.0,25.00000000155996,-0.24999999992200195
55,1,"('d', 'e', 0)",438.17649408413735,0.0,21.21657737650976,-0.8695455467245705
55,2,"('d', 'e', 0)",461.03928597210086,-2.390938213267951e-16,25.873476323692316,-0.20632618381538426
55,3,"('c', 'd', 1)",321.01866634916433,3.5,25.00000000479838,-0.24999999976008103
55,4,"('c', 'd', 2)",385.42008395459266,7.000000000001375,25.00000000293903,-1.4598831289401715
55,5,"('d', 'e', 1)",423.64856800125057,3.5283364852940253,15.101006430512655,-0.7449496784743672
55,6,"('b', 'c', 2)",284.8816434977249,8.793055345966891,25.000000001783523,-0.2499999999108239
55,7,"('d', 'e', 1)",472.5828702689471,3.49999999990085,29.515936536646514,-0.024203173167674286
56,0,"('b', 'c', 0)",295.0436810539342,0.0,25.00000000109561,-0.2499999999452195
56,1,"('d', 'e', 0)",442.39377580488025,0.0,20.8544411752716,-0.6398941045111188
56,2,"('d', 'e', 0)",466.30228544719654,-4.544830562111699e-16,27.101810531866207,-0.1449094734066897
56,3,"('c', 'd', 1)",326.0186663500213,3.5,25.000000003370058,-0.24999999983149712
56,4,"('c', 'd', 2)",390.4200839551176,7.000000000000235,25.000000002064173,-1.917495712909807
56,5,"('d', 'e', 1)",426.66655824052293,3.5115215547571905,15.07094004447528,-0.746452997776236
56,6,"('b', 'c', 2)",289.8629758104795,8.36154140934806,25.000000001252623,-0.24999999993736888
56,7,"('d', 'e', 1)",478.49641613598607,3.5000000000528213,29.660026758248307,-0.016998662087584604
57,0,"('b', 'c', 0)",300.04368105412993,0.0,25.000000000769482,-0.2499999999615259
57,1,"('d', 'e', 0)",446.54637970202754,0.0,20.60010134669281,-0.4699949326653595
57,2,"('d', 'e', 0)",471.7846664228467,-6.788505199127466e-16,27.964508905782576,-0.10177455471087116
57,3,"('c', 'd', 1)",331.0186663506232,3.5,25.000000002366896,-0.24999999988165522
57,4,"('c', 'd', 2)",395.4200839554863,7.000000000000041,25.000000001449735,-2.4361064576815643
57,5,"('d', 'e', 1)",429.6792199996312,3.504693007553197,15.049823460591691,-0.7475088269704154
57,6,"('b', 'c', 2)",294.8480637631906,7.975918341474206,25.000000000879755,-0.2499999999560123
57,7,"('d', 'e', 1)",484.4356966351959,3.500000000009506,29.761225926232008,-0.011938703688399555
58,0,"('b', 'c', 0)",305.0436810542674,0.0,25.000000000540428,-0.24999999997297861
58,1,"('d', 'e', 0)",450.65355829645745,0.0,20.421470355976297,-0.47892648220118517
58,2,"('d', 'e', 0)",477.4211260381182,-1.6937499758768595e-16,28.570409546996817,-0.07147952265015911
58,3,"('c', 'd', 1)",336.01866635104597,3.5,25.000000001662343,-0.24999999991688282
58,4,"('c', 'd', 2)",400.31308807097156,7.000000000000007,23.5116598089743,-3.0392212825713956
58,5,"('d', 'e', 1)",432.6881171524513,3.501913902900375,15.034992608810626,-0.7482503695594687
58,6,"('b', 'c', 2)",299.837122478044,7.645726112897819,25.00000000061788,-0.24999999996910593
58,7,"('d', 'e', 1)",490.393051389099,3.5000000000004974,29.8323013363934,-0.008384933180330068
59,0,"('b', 'c', 0)",310.04368105436384,0.0,25.000000000379558,-0.24999999998102207
59,1,"('d', 'e', 0)",454.728833248924,0.0,20.296012101865383,-0.4851993949067308
59,2,"('d', 'e', 0)",483.16580000659417,-1.3685008040176652e-17,28.995952932870193,-0.05020235335649037
59,3,"('c', 'd', 1)",341.01866635134286,3.5,25.000000001167518,-0.24999999994162414
59,4,"('c', 'd', 2)",404.8332775183357,7.000000000000003,20.978010730034075,-3.629140212614357
59,5,"('d', 'e', 1)",435.6943666353742,3.500781190853318,15.02457642758716,-0.748771178620642
59,6,"('b', 'c', 2)",304.82998049112354,7.379207747990217,25.000000000433957,-0.24999999997830213
59,7,"('d', 'e', 1)",496.36310026975525,3.4999999999999094,29.88221986863295,-0.005889006568352451
60,0,"('b', 'c', 0)",315.0436810544316,0.0,25.000000000266574,-0.24999999998667133
60,1,"('d', 'e', 0)",458.78170125394854,0.0,20.207898760157853,-0.4896050619921073
60,2,"('d', 'e', 0)",488.98647637402854,-2.518972737308312e-16,29.29482565381281,-0.03525871730935948
60,3,"('c', 'd', 1)",346.0186663515514,3.5,25.000000000819984,-0.2499999999590008
60,4,"('c', 'd', 2)",408.79395927011956,7.000000000000001,17.7102078103943,-4.142446829690075
60,5,"('d', 'e', 1)",438.698755967959,3.5003190456967275,15.017260810596193,-0.7491369594701903
60,6,"('b', 'c', 2)",309.8260923774074,7.183074192265578,25.00000000030478,-0.24999999998476097
60,7,"('d', 'e', 1)",502.3420646413547,3.4999999999999782,29.917279249300506,-0.0041360375349747125
61,0,"('c', 'd', 0)",320.04368105447924,0.0,25.000000000187224,-0.24999999999063882
61,1,"('d', 'e', 0)",462.81883214362284,0.0,20.14601394403405,-0.49269930279829754
61,2,"('d', 'e', 0)",494.86053165540915,-4.922940814280392e-16,29.504733518178544,-0.024763324091072847
61,3,"('c', 'd', 1)",351.01866635169785,3.5,25.0000000005759,-0.24999999997120503
61,4,"('c', 'd', 1)",410.90991895781303,4.405629697356208,15.415125375750184,-0.7292437312124908
61,5,"('d', 'e', 1)",441.70183875666584,3.5001303557324066,15.012122818964679,-0.749393859051766
61,6,"('b', 'c', 2)",314.8245892720281,7.0623002333856215,25.000000000214058,-0.24999999998929712
61,7,"('d', 'e', 1)",508.32729064719683,3.4999999999999987,29.941902572896925,-0.0029048713551537153
62,0,"('c', 'd', 0)",325.04368105451266,0.0,25.000000000131493,-0.24999999999342537
62,1,"('d', 'e', 0)",466.8449103542034,0.0,20.102550259733103,-0.49487248701334485
62,2,"('d', 'e', 0)",500.7720766541291,-7.342251627978885e-16,29.652158520311954,-0.017392073984402345
62,3,"('c', 'd', 1)",356.0186663518007,3.5,25.000000000404473,-0.2499999999797764
62,4,"('c', 'd', 1)",413.8134279962027,3.980604494351861,13.803215627413024,-0.8098392186293488
62,5,"('d', 'e', 1)",444.7040039010637,3.5000532763976975,15.008514243223479,-0.7495742878388261
62,6,"('b', 'c', 2)",319.8243339899903,7.0140296080565765,25.000000000150337,-0.24999999999248312
62,7,"('d', 'e', 1)",514.3169143988994,3.5,29.959196320059295,-0.0020401839970352054
63,0,"('c', 'd', 0)",330.0436810545362,0.0,25.000000000092353,-0.24999999999538236
63,1,"('d', 'e', 0)",470.8632259149952,0.0,20.07202432508004,-0.496398783745998
63,2,"('d', 'e', 0)",506.70995187956754,3.4960926205486927e-16,29.755699811247904,-0.012215009437604785
63,3,"('c', 'd', 1)",361.01866635187287,3.5,25.000000000284075,-0.24999999998579625
63,4,"('c', 'd', 1)",416.47187003286797,3.6845653618183425,12.671119891955376,-0.8664440054022312
63,5,"('d', 'e', 1)",447.7055245517361,3.5000217785571954,15.00597982514461,-0.7497010087427695
63,6,"('c', 'd', 2)",324.82431761564857,7.002405770380427,25.000000000105587,-0.2504656314262679
63,7,"('d', 'e', 1)",520.3096268280788,3.4999999999999996,29.971342271427105,-0.0014328864286448084
64,0,"('c', 'd', 0)",335.0436810545527,0.0,25.000000000064865,-0.2499999999967567
64,1,"('d', 'e', 0)",474.8760895187338,0.0,20.050584985515748,-0.49747075072421265
64,2,"('d', 'e', 0)",512.6663196647863,-4.7007762506537076e-17,29.828420169216635,-0.008578991539168301
64,3,"('c', 'd', 1)",366.0186663519236,3.5,25.000000000199517,-0.2499999999900242
64,4,"('c', 'd', 1)",418.9469496721596,3.586877745739238,11.876012873362349,-0.9061993563318825
64,5,"('d', 'e', 1)",450.7065925533994,3.5000089040223914,15.004199822323788,-0.7497900088838106
64,6,"('c', 'd', 2)",329.82431713416406,7.0004125140753874,25.00000000007416,-0.25117632580553584
64,7,"('d', 'e', 1)",526.304508534169,3.4999999999999996,29.97987276127665,-0.0010063619361675435
65,0,"('c', 'd', 0)",340.0436810545643,0.0,25.000000000045556,-0.24999999999772216
65,1,"('d', 'e', 0)",478.88512403878065,0.0,20.03552745210434,-0.498223627394783
65,2,"('d', 'e', 0)",518.6356753657905,-2.9130475764704836e-16,29.87949400087643,-0.006025299956178509
65,3,"('c', 'd', 1)",371.0186663519593,3.5,25.000000000140126,-0.24999999999299372
65,4,"('d', 'e', 1)",421.2815529372925,3.5417560013417138,11.31758380131896,-0.934120809934052
65,5,"('d', 'e', 1)",453.70734264511816,3.5000036407222708,15.002949669451,-0.74985251652745
65,6,"('c', 'd', 2)",334.82431712002034,7.000070732878345,25.000000000052083,-0.2528268207919689
65,7,"('d', 'e', 1)",532.3009137927675,3.4999999999999996,29.985863996946012,-0.0007068001526994161
66,0,"('c', 'd', 0)",345.0436810545724,0.0,25.000000000031996,-0.24999999999840017
66,1,"('d', 'e', 0)",482.8914692709672,0.0,20.02495206512678,-0.498752396743661
66,2,"('d', 'e', 0)",524.614152895165,-5.359750653145262e-16,29.915364785252034,-0.004231760737398282
66,3,"('c', 'd', 1)",376.0186663519844,3.5,25.000000000098414,-0.24999999999507927
66,4,"('d', 'e', 1)",423.5167727653243,3.5207976401273307,10.925381215741162,-0.9537309392129419
66,5,"('d', 'e', 1)",456.707869458509,3.5000014887435027,15.002071647131567,-0.7498964176434216
66,6,"('c', 'd', 2)",339.8243171196134,7.000012128408558,25.00000000003658,-0.25646181032421705
66,7,"('d', 'e', 1)",538.2983890909875,3.4999999999999996,29.990071833246034,-0.000496408337698262
67,0,"('c', 'd', 0)",350.0436810545781,0.0,25.00000000002247,-0.24999999999887645
67,1,"('d', 'e', 0)",486.8959257303356,0.0,20.017524632846246,-0.4991237683576877
67,2,"('d', 'e', 0)",530.5990369761524,-7.809075623013551e-16,29.940557983606368,-0.002972100819681578
67,3,"('c', 'd', 1)",381.01866635200196,3.5,25.000000000069118,-0.2499999999965441
67,4,"('d', 'e', 1)",425.6820217652611,3.5105941333455215,10.649924804471159,-0.9675037597764421
67,5,"('d', 'e', 1)",459.7082394563916,3.5000006087990916,15.001454983993638,-0.7499272508003181
67,6,"('c', 'd', 2)",344.82431711960766,7.000002079631097,25.00000000002569,-0.26405061747871866
67,7,"('d', 'e', 1)",544.296615912234,3.4999999999999996,29.993027131168684,-0.0003486434415658213
68,0,"('c', 'd', 0)",355.04368105458207,0.0,25.00000000001578,-0.24999999999921096
68,1,"('d', 'e', 0)",490.8990556441855,0.0,20.01230810976307,-0.4993845945118466
68,2,"('d', 'e', 0)",536.588420583101,3.053164338852321e-16,29.958251972025323,-0.002087401398733868
68,3,"('c', 'd', 1)",386.01866635201435,3.5,25.000000000048544,-0.24999999999757283
68,4,"('d', 'e', 1)",427.7980925106455,3.5054867909838197,10.456462962811019,-0.977176851859449
68,5,"('d', 'e', 1)",462.7084993177304,3.5000002489679334,15.001021881762334,-0.7499489059118833
68,6,"('c', 'd', 2)",349.82431711961186,7.000000356589694,25.000000000018044,-0.27906175859586285
68,7,"('d', 'e', 1)",550.2953705521217,3.4999999999999996,29.995102731355786,-0.00024486343221075124
69,0,"('c', 'd', 0)",360.04368105458485,0.0,25.00000000001108,-0.249999999999446
69,1,"('d', 'e', 0)",494.90125388271935,0.0,20.008644378873377,-0.49956778105633115
69,2,"('d', 'e', 0)",542.5809643509442,-8.878326710917056e-17,29.97067902561998,-0.001466048719001023
69,3,"('c', 'd', 1)",391.01866635202305,3.5,25.000000000034092,-0.24999999999829536
69,4,"('d', 'e', 1)",429.8796154827122,3.502875083175433,10.320588528064803,-0.9839705735967599
69,5,"('d', 'e', 1)",465.7086818266542,3.5000001018177698,15.000717700222655,-0.7499641149888673
69,6,"('c', 'd', 2)",354.82431711961505,7.000000061143637,25.000000000012673,-0.3071786170768124
69,7,"('d', 'e', 1)",556.2944958959112,3.4999999999999996,29.99656049170667,-0.00017197541466651423
70,0,"('c', 'd', 0)",365.04368105458684,0.0,25.00000000000778,-0.24999999999961098
70,1,"('d', 'e', 0)",498.90279777590086,0.0,20.006071223570878,-0.4996964388214561
70,2,"('d', 'e', 0)",548.5757276007874,-3.3412007092354552e-16,29.979406942547914,-0.0010296528726042586
70,3,"('c', 'd', 1)",396.01866635202913,3.5,25.000000000023945,-0.24999999999880274
70,4,"('d', 'e', 1)",431.93687239747726,3.5015191522729054,10.225159569779397,-0.9887420215110302
70,5,"('d', 'e', 1)",468.70881000850466,3.5000000416400545,15.000504063805211,-0.7499747968097394
70,6,"('c', 'd', 2)",359.8243171196173,7.000000010484163,25.000000000008903,-0.3570115561441617
70,7,"('d', 'e', 1)",562.293881596899,3.4999999999999996,29.997584323393436,-0.00012078383032820827
71,0,"('c', 'd', 0)",370.04368105458826,0.0,25.000000000005468,-0.24999999999972666
71,1,"('d', 'e', 0)",502.9038821014275,0.0,20.004264014359794,-0.4997867992820103
71,2,"('d', 'e', 0)",554.5720496637775,-5.795206694566176e-16,29.985536837564513,-0.0007231581217743699
71,3,"('c', 'd', 1)",401.01866635203345,3.5,25.000000000016815,-0.24999999999915923
71,4,"('d', 'e', 1)",433.97708595417663,3.500807439584849,10.1581367623142,-0.99209316188429
71,5,"('d', 'e', 1)",471.70890003471516,3.5000000170295946,15.000354020121081,-0.749982298993946
71,6,"('c', 'd', 2)",364.8243171196189,7.000000001797696,25.000000000006253,-0.4405078990971504
71,7,"('d', 'e', 1)",568.2934501550689,3.4999999999999996,29.99830339311034,-8.483034448292237e-05
72,0,"('c', 'd', 0)",375.04368105458923,0.0,25.00000000000384,-0.24999999999980793
72,1,"('d', 'e', 0)",506.90464365790166,0.0,20.002994753569567,-0.49985026232152163
72,2,"('d', 'e', 0)",560.5694665310627,-8.249660730596113e-16,29.989842058755873,-0.0005078970622063306
72,3,"('c', 'd', 1)",406.0186663520364,3.5,25.00000000001181,-0.25177867245691293
72,4,"('d', 'e', 1)",436.0053292741257,3.5004309498534285,10.111064502475816,-0.9944467748762091
72,5,"('d', 'e', 1)",474.70896326300016,3.500000006964678,15.000248639646081,-0.749987568017696
72,6,"('c', 'd', 2)",369.82431711962,7.000000000308248,25.00000000000439,-0.5726120402689049
72,7,"('d', 'e', 1)",574.2931471396819,3.4999999999999996,29.998808418755136,-5.9579062243186875e-05
73,0,"('c', 'd', 0)",380.0436810545899,0.0,25.000000000002697,-0.24999999999986522
73,1,"('d', 'e', 0)",510.90517852335404,0.0,20.002103311148996,-0.49989483444255023
73,2,"('d', 'e', 0)",566.5676523143961,1.134583225231806e-16,29.992865753200284,-0.00035671233998579854
73,3,"('c', 'd', 1)",411.01866635203857,3.5,25.000000000008296,-0.6704793453941535
73,4,"('d', 'e', 1)",438.0251654754664,3.5002306842769,10.078004149886993,-0.9960997925056503
73,5,"('d', 'e', 1)",477.7090076702456,3.500000002848396,15.000174627570361,-0.7499912686214819
73,6,"('c', 'd', 2)",374.8243171196208,7.000000000052855,25.000000000003084,-0.769676922911015
73,7,"('d', 'e', 1)",580.2929343222909,3.4999999999999996,29.999163114406898,-4.184427965514548e-05
74,0,"('c', 'd', 0)",385.04368105459037,0.0,25.000000000001894,-0.2499999999999053
74,1,"('d', 'e', 0)",514.9055541764563,0.0,20.00147722264511,-0.4999261388677445
74,2,"('d', 'e', 0)",572.5663781320459,-1.3204065011755721e-16,29.99498939045068,-0.00025053047746603774
74,3,"('c', 'd', 1)",416.01866635204,3.5,25.000000000005826,-1.139170532812111
74,4,"('d', 'e', 1)",440.0390970779168,3.50012373916023,10.054784807602388,-0.9972607596198806
74,5,"('d', 'e', 1)",480.7090388588734,3.500000001164935,15.00012264652404,-0.7499938676737979
74,6,"('c', 'd', 2)",379.82431711962136,7.000000000009063,25.000000000002167,-1.0462905606629866
74,7,"('d', 'e', 1)",586.2927848538352,3.4999999999999996,29.999412228499768,-2.938857501155745e-05
75,0,"('c', 'd', 0)",390.0436810545907,0.0,25.00000000000133,-0.2499999999999336
75,1,"('d', 'e', 0)",518.9058180096366,0.0,20.00103750067805,-0.49994812496609753
75,2,"('d', 'e', 0)",578.5654832330565,-3.775551450005577e-16,29.99648088876646,-0.00017595556167704363
75,3,"('d', 'e', 1)",421.01866635204107,3.5,25.000000000004093,-1.670948609985143
75,4,"('d', 'e', 1)",442.0488816888059,3.5000664703873112,10.038477121388782,-0.9980761439305609
75,5,"('d', 'e', 1)",483.70906076364355,3.500000000476435,15.000086138573813,-0.7499956930713093
75,6,"('c', 'd', 2)",384.82431711962175,7.000000000001554,25.00000000000152,-1.4106331730270663
75,7,"('d', 'e', 1)",592.2926798773615,3.4999999999999996,29.999587189289272,-2.064053553640921e-05
76,0,"('c', 'd', 0)",395.04368105459093,0.0,25.00000000000093,-0.24999999999995348
76,1,"('d', 'e', 0)",522.9060033081115,0.0,20.000728669886367,-0.49996356650568163
76,2,"('d', 'e', 0)",584.5648547168938,-6.230805416504148e-16,29.99752841570429,-0.00012357921478545197
76,3,"('d', 'e', 1)",426.01866635204175,3.5,25.000000000002874,-2.285069333539071
76,4,"('d', 'e', 1)",444.0557537341125,3.5000357432225617,10.027023712141366,-0.9986488143929317
76,5,"('d', 'e', 1)",486.70907614806373,3.500000000194853,15.000060497873514,-0.7499969751063242
76,6,"('c', 'd', 2)",389.824317119622,7.0000000000002665,25.000000000001066,-1.859176445876249
76,7,"('d', 'e', 1)",598.2926061490288,3.4999999999999996,29.999710069843772,-1.4496507811379011e-05
77,0,"('c', 'd', 0)",400.04368105459116,0.0,25.000000000000654,-0.24999999999996736
77,1,"('d', 'e', 0)",526.906133449153,0.0,20.000511768150645,-0.4999744115924678
77,2,"('d', 'e', 0)",590.5644132899043,-8.686135949595731e-16,29.99826412735336,-8.679363233210502e-05
77,3,"('d', 'e', 1)",430.9116704672686,3.5,23.511659807958125,-2.811974821536796
77,4,"('d', 'e', 1)",446.0605801912728,3.500019234090971,10.018979616757722,-0.9990510191621139
77,5,"('d', 'e', 1)",489.7090869530337,3.500000000079692,15.000042489590179,-0.749997875520491
77,6,"('c', 'd', 2)",394.8243171196222,7.000000000000046,25.00000000000075,-2.372255318345184
77,7,"('d', 'e', 1)",604.2925543672642,3.4999999999999996,29.99979637278465,-1.018136076746945e-05
78,0,"('c', 'd', 0)",405.0436810545912,0.0,25.000000000000462,-0.2499999999999769
78,1,"('d', 'e', 0)",530.9062248513659,0.0,20.000359431129123,-0.4999820284435439
78,2,"('d', 'e', 0)",596.564103261621,7.002834177404501e-17,29.998780841159014,-6.095794204930005e-05
78,3,"('d', 'e', 1)",435.4318599144513,3.5,20.978010729320385,-3.209316858398139
78,4,"('d', 'e', 1)",448.06396996642655,3.5000103554563196,10.013329991467701,-0.999333500426615
78,5,"('d', 'e', 1)",492.7090945417095,3.500000000032592,15.000029841797218,-0.7499985079101391
78,6,"('c', 'd', 2)",399.7173212348487,7.000000000000008,23.511659807956633,-2.9753384773364315
78,7,"('d', 'e', 1)",610.2925179992759,3.4999999999999996,29.999856986098408,-7.150695079616298e-06
79,0,"('c', 'd', 0)",410.0436810545913,0.0,25.000000000000327,-0.24999999999998368
79,1,"('d', 'e', 0)",534.9062890460614,0.0,20.000252439969973,-0.4999873780015014
79,2,"('d', 'e', 0)",602.5638855188486,-1.7551386585340374e-16,29.99914374577972,-4.2812711014028615e-05
79,3,"('d', 'e', 1)",439.4995375508813,3.5,19.198548001936953,-3.6578244076823534
79,4,"('d', 'e', 1)",450.06635071386796,3.50000557726315,10.009362079055505,-0.9995318960472248
79,5,"('d', 'e', 1)",495.709099871479,3.50000000001333,15.000020958847976,-0.7499989520576011
79,6,"('c', 'd', 2)",404.23751068203114,7.000000000000002,20.978010729319337,-3.571115967751867
79,7,"('d', 'e', 1)",616.2924924568754,3.4999999999999996,29.999899556765957,-5.022161702172845e-06
80,0,"('c', 'd', 0)",415.04368105459133,0.0,25.00000000000023,-0.24999999999998845
80,1,"('d', 'e', 0)",538.9063341320478,0.0,20.00017729665929,-0.4999911351670354
80,2,"('d', 'e', 0)",608.5637325911401,-4.2105872604943016e-16,29.99939862529385,-3.006873530753129e-05
80,3,"('d', 'e', 1)",443.1424057948486,3.5,16.46043426199138,-3.8544010001023823
80,4,"('d', 'e', 1)",452.06802278889097,3.5000030045639634,10.006575287347625,-0.9996712356326187
80,5,"('d', 'e', 1)",498.7091036147465,3.5000000000054516,15.000014720068812,-0.7499992639965594
80,6,"('c', 'd', 2)",408.1981924336874,7.0,17.710207809892317,-4.094417941387665
80,7,"('d', 'e', 1)",622.2924745176311,3.4999999999999996,29.999929455506404,-3.5272246797779516e-06
81,0,"('d', 'e', 0)",420.0436810545914,0.0,25.000000000000163,-0.24999999999999178
81,1,"('d', 'e', 0)",542.9063657973771,0.0,20.000124521110504,-0.49999377394447486
81,2,"('d', 'e', 0)",614.5636251851226,-6.66605449229149e-16,29.99957763532298,-2.1118233851091794e-05
81,3,"('d', 'e', 1)",446.29624467127013,3.5,14.537369467955537,-4.006707607482677
81,4,"('d', 'e', 1)",454.0691971406226,3.500001618892233,10.004618034460883,-0.9997690982769558
81,5,"('d', 'e', 1)",501.70910624376285,3.5000000000022298,15.000010338374803,-0.7499994830812599
81,6,"('c', 'd', 1)",410.3141521213021,4.405629697407182,15.415125375397622,-0.7292437312301189
81,7,"('d', 'e', 1)",628.2924619183265,3.4999999999999996,29.999950454347434,-2.477282628254862e-06
82,0,"('d', 'e', 0)",425.04368105459145,0.0,25.000000000000114,-0.24999999999999434
82,1,"('d', 'e', 0)",546.9063880369499,0.0,20.000087455155796,-0.49999562724221014
82,2,"('d', 'e', 0)",620.5635497504437,-1.7200479775842123e-16,29.999703359787883,-1.4832010605814183e-05
82,3,"('d', 'e', 1)",449.1066225927075,3.5,13.186739598893325,-4.124125182618824
82,4,"('d', 'e', 1)",456.07002192537794,3.500000872384478,10.003243393201608,-0.9998378303399196
82,5,"('d', 'e', 1)",504.7091080902051,3.500000000000912,15.000007260971055,-0.7499996369514472
82,6,"('c', 'd', 1)",413.2176611596139,3.980604494396517,13.803215627165407,-0.8098392186417296
82,7,"('d', 'e', 1)",634.2924530694322,3.4999999999999996,29.999965202504644,-1.7398747678143422e-06
83,0,"('d', 'e', 0)",430.0436810545915,0.0,25.000000000000078,-0.24999999999999611
83,1,"('d', 'e', 0)",550.9064036565127,0.0,20.000061422551124,-0.49999692887244385
83,2,"('d', 'e', 0)",626.5634967702576,2.6524402313778296e-17,29.999791660097937,-1.0416995103179616e-05
83,3,"('d', 'e', 1)",451.6757769079008,3.5,12.23814907357117,-4.213655124068624
83,4,"('d', 'e', 1)",458.0706011980732,3.5000004701489846,10.002277938709495,-200.9998861030645
83,5,"('d', 'e', 1)",507.70910938702053,3.5000000000003726,15.000005099612045,-0.7499997450193978
83,6,"('c', 'd', 1)",415.87610319622763,3.6845653618282044,12.671119891781466,-0.8664440054109267
83,7,"('d', 'e', 1)",640.2924468545709,3.4999999999999996,29.999975560606828,-1.2219696585713535e-06
84,0,"('d', 'e', 0)",435.04368105459156,0.0,25.000000000000057,-0.2499999999999971
84,1,"('d', 'e', 0)",554.906414626631,0.0,20.000043139020818,-0.4999978430489591
84,2,"('d', 'e', 0)",632.5634595605796,-2.190251936642233e-16,29.999853676227907,-7.316188604611362e-06
84,3,"('d', 'e', 1)",454.07551217453863,3.5,11.571923629174814,-4.2809832028095895
84,4,"('d', 'e', 1)",460.07100803980154,3.5000002533900005,10.001599869162224,-200.99992000654188
84,5,"('d', 'e', 1)",510.7091102978154,3.5000000000001523,15.00000358162053,-0.7499998209189734
84,6,"('c', 'd', 1)",418.3511828354881,3.586877745745946,11.876012873240207,-0.9061993563379896
84,7,"('d', 'e', 1)",646.2924424896751,3.4999999999999996,29.99998283543305,-8.582283473890229e-07
85,0,"('d', 'e', 0)",440.0436810545916,0.0,25.00000000000004,-0.249999999999998
85,1,"('d', 'e', 0)",558.9064223312955,0.0,20.000030297913113,-0.4999984851043443
85,2,"('d', 'e', 0)",638.5634334270336,-4.645752429349863e-16,29.99989723213812,-5.1383930939064015e-06
85,3,"('d', 'e', 1)",456.3562590284735,3.5,11.104012205949937,-4.330910118522749
85,4,"('d', 'e', 1)",462.07129377775067,3.500000136572099,10.001123639246993,-200.99994381803765
85,5,"('d', 'e', 1)",513.7091109374958,3.500000000000062,15.000002515486573,-0.7499998742256714
85,6,"('d', 'e', 1)",420.6857861005991,3.541756001345122,11.317583801233177,-0.9341208099383411
85,7,"('d', 'e', 1)",652.2924394240692,3.4999999999999996,29.999987944776027,-6.027611986203496e-07
86,0,"('d', 'e', 0)",445.0436810545917,0.0,25.00000000000003,-0.24999999999999856
86,1,"('d', 'e', 0)",562.9064277425279,0.0,20.00002127919275,-0.4999989360403625
86,2,"('d', 'e', 0)",644.5634150726088,-7.101256105677438e-16,29.999927822845976,-3.608857701231649e-06
86,3,"('d', 'e', 1)",458.5534365171082,3.5,10.77538305822547,-4.367469912037081
86,4,"('d', 'e', 1)",464.071494460645,3.500000073611814,10.00078916775646,-200.99996054161218
86,5,"('d', 'e', 1)",516.7091113867638,3.5000000000000253,15.00000176670662,-0.7499999116646691
86,6,"('d', 'e', 1)",422.92100592861556,3.5207976401291403,10.925381215680915,-0.9537309392159543
86,7,"('d', 'e', 1)",658.2924372709963,3.4999999999999996,29.9999915332309,-4.233384549579e-07
87,0,"('d', 'e', 0)",450.04368105459173,0.0,25.000000000000018,-0.2499999999999991
87,1,"('d', 'e', 0)",566.9064315430091,0.0,20.000014945057185,-0.49999925274714074
87,2,"('d', 'e', 0)",650.5634021817096,-2.1552751871286746e-16,29.99994930767783,-2.534616108440524e-06
87,3,"('d', 'e', 1)",460.69192056948265,3.5,10.544576304268094,-4.393962471250701
87,4,"('d', 'e', 1)",466.0716354066558,3.5000000396773077,10.00055425773842,-200.99997228711308
87,5,"('d', 'e', 1)",519.7091117022991,3.50000000000001,15.000001240814525,-0.7499999379592738
87,6,"('d', 'e', 1)",425.08625492854156,3.5105941333464803,10.649924804428846,-0.9675037597785577
87,7,"('d', 'e', 1)",664.2924357588244,3.4999999999999996,29.99999405351745,-2.973241274295546e-07
88,0,"('d', 'e', 0)",455.0436810545918,0.0,25.000000000000014,-0.24999999999999933
88,1,"('d', 'e', 0)",570.9064342122086,0.0,20.00001049639133,-0.49999947518043353
88,2,"('d', 'e', 0)",656.5633931280191,-1.6990947018863795e-17,29.999964397161936,-1.7801419032181798e-06
88,3,"('d', 'e', 1)",462.7891823456359,3.5,10.382473344012707,-4.413001780030073
88,4,"('d', 'e', 1)",468.07173439754405,3.500000021386677,10.000389272924652,-200.99998053635377
88,5,"('d', 'e', 1)",522.7091119239096,3.500000000000004,15.0000008714637,-0.749999956426815
88,6,"('d', 'e', 1)",427.20232567391844,3.505486790984331,10.456462962781302,-0.977176851860935
88,7,"('d', 'e', 1)",670.2924346967777,3.4999999999999996,29.999995823595246,-2.0882023776813696e-07
89,0,"('d', 'e', 0)",460.04368105459184,0.0,25.000000000000014,-0.24999999999999933
89,1,"('d', 'e', 0)",574.9064360868728,0.0,20.00000737195111,-0.4999996314024445
89,2,"('d', 'e', 0)",662.563386769323,-2.6254180557904855e-16,29.999974994988904,-1.2502505548628307e-06
89,3,"('d', 'e', 1)",464.8574923996694,3.5,10.268623253956797,-4.426598659787857
89,4,"('d', 'e', 1)",470.07180392200877,3.500000011527866,10.000273398816766,-200.99998633005916
89,5,"('d', 'e', 1)",525.7091120795537,3.5000000000000018,15.000000612056809,-0.7499999693971595
89,6,"('d', 'e', 1)",429.2838486459798,3.5028750831757054,10.320588528043933,-0.9839705735978034
89,7,"('d', 'e', 1)",676.2924339508684,3.4999999999999996,29.999997066777457,-1.4666112713168644e-07
90,0,"('d', 'e', 0)",465.0436810545919,0.0,10.188662696880494,-0.9905668651559754
90,1,"('d', 'e', 0)",578.9064374035094,0.0,20.000005177556883,-0.49999974112215584
90,2,"('d', 'e', 0)",668.5633823034074,-5.08092741601633e-16,29.999982438181505,-8.780909247496638e-07
90,3,"('d', 'e', 1)",466.12886497263,1.9223641749800755,10.188662696880494,-3.8761074997641414
90,4,"('d', 'e', 1)",472.0718527512625,3.500000006213806,10.000192016727276,-0.9999903991636362
90,5,"('d', 'e', 1)",528.7091121888676,3.500000000000001,15.00000042986706,-0.749999978506647
90,6,"('d', 'e', 1)",431.3411055607411,3.501519152273052,10.225159569764736,-0.9887420215117632
90,7,"('d', 'e', 1)",682.2924334269924,3.4999999999999996,29.999997939904055,-1.0300479724723033e-07
