step,vehicle_id,action,lane,pos,speed,reward
0,0,IDLE,0,165.2469904362107,26.22235815048704,-0.18888209247564802
0,1,IDLE,0,106.18660071708615,26.31636006495626,-0.18418199675218694
0,2,IDLE,0,16.342514978834565,25.447166049499057,-0.2527922432831458
0,3,IDLE,0,46.687713563494434,26.18858217031964,-0.19057089148401796
0,4,IDLE,1,135.69078145125272,25.166611550510574,-0.24166942247447132
0,5,IDLE,1,74.30375611867937,26.029906015399497,-0.3248577065671591
0,6,IDLE,1,104.56837732399985,25.895176768861205,-0.20524116155693972
0,7,IDLE,1,46.30781283506157,25.880699626061336,-0.6210027889969638
0,8,IDLE,2,110.69119686176327,26.33178831983313,-0.18341058400834354
0,9,LANE_LEFT,2,36.11180705929178,26.242163829312695,-0.18789180853436527
0,10,LANE_LEFT,2,10.368941463197373,25.713303872981,-0.9390250091167524
0,11,LANE_LEFT,2,85.74257271177679,25.30260349291071,-1.0205105281677107
1,0,IDLE,0,170.46530460794378,25.85850119759858,-0.20707494012007088
1,1,IDLE,0,111.42170370811125,25.924521746581078,-0.20377391267094613
1,2,IDLE,0,21.422379203312996,25.314059008701673,-0.23429704956491637
1,3,IDLE,0,51.89999531737045,25.83477924719294,-0.20826103764035298
1,4,IDLE,1,140.72053841130275,25.117016617093846,-0.2441491691453077
1,5,IDLE,1,79.48769818068901,25.72333591205013,-0.2959777260283239
1,6,IDLE,1,109.72825663168946,25.62871125604518,-0.2185644371977411
1,7,IDLE,1,51.465106513131786,25.61854349594431,-0.5895807102054547
1,8,IDLE,2,115.92905535180755,25.93535750309268,-0.20323212484536612
1,9,LANE_LEFT,2,41.333658541564084,25.872411358858848,-0.20637943205705755
1,10,LANE_LEFT,2,15.496338121993157,25.50097610832136,-0.9018244441004962
1,11,LANE_LEFT,2,90.79661794466702,25.21252810476033,-0.9813865387992264
2,0,IDLE,0,175.6186336284202,25.602952830137824,-0.2198523584931088
2,1,IDLE,0,116.58682405297388,25.64932117181003,-0.21753394140949855
2,2,IDLE,0,26.478470400751895,25.22057367963684,-0.23897131601815802
2,3,IDLE,0,57.04908757798021,25.58629214617666,-0.22068539269116694
2,4,IDLE,1,145.7414376754257,25.08218451022229,-0.2458907744888854
2,5,IDLE,1,84.61688656991936,25.508021929999543,-0.27535704846681697
2,6,IDLE,1,114.84054497947695,25.441564009732687,-0.22792179951336566
2,7,IDLE,1,56.57557889059673,25.43442286683606,-0.5672642447015781
2,8,IDLE,2,121.09611097170146,25.656931469936147,-0.2171534265031927
2,9,LANE_LEFT,2,46.48947192829032,25.612722380981797,-0.2193638809509102
2,10,LANE_LEFT,2,20.585812867265364,25.351851532867677,-0.8755637742425638
2,11,LANE_LEFT,2,95.83457563909747,25.14926528070959,-0.9540061086332203
3,0,IDLE,0,180.7263215001403,25.423473043937676,-0.22882634780311617
3,1,IDLE,0,121.70279334867988,25.45603901230005,-0.22719804938499755
3,2,IDLE,0,31.517865041477155,25.154915945094736,-0.24225420274526321
3,3,IDLE,0,62.15379983783234,25.41177171308978,-0.22941141434551093
3,4,IDLE,1,150.75611589659295,25.057720808276837,-0.24711395958615812
3,5,IDLE,1,89.70761970474231,25.356800038627938,-0.2607051400503466
3,6,IDLE,1,119.91940867504238,25.310124517123644,-0.23449377414381778
3,7,IDLE,1,61.653167172163336,25.30510906422505,-0.5514666127967673
3,8,IDLE,2,126.21343947291639,25.46138396791126,-0.22693080160443702
3,9,LANE_LEFT,2,51.59890464983193,25.430334511745787,-0.22848327441271066
3,10,LANE_LEFT,2,25.648653840625272,25.247116577267832,-0.8570531166367403
3,11,LANE_LEFT,2,100.86123454108427,25.10483377739823,-0.9348233485264564
4,0,IDLE,0,185.80195413432503,25.29741865362975,-0.23512906731851246
4,1,IDLE,0,126.78424229161742,25.320290774070813,-0.23398546129645936
4,2,IDLE,0,36.54553315677391,25.108802419600142,-0.24455987901999288
4,3,IDLE,0,67.22734260469693,25.289200434982124,-0.2355399782508938
4,4,IDLE,1,155.76642488045803,25.0405391685017,-0.24797304157491507
4,5,IDLE,1,94.77134448530384,25.25059207102538,-0.2503300583512405
4,6,IDLE,1,124.97479716904718,25.21781036044898,-0.239109481977551
4,7,IDLE,1,66.7076599021525,25.214287847576443,-0.540309574779838
4,8,IDLE,2,131.29584302932525,25.324044707229856,-0.2337977646385072
4,9,LANE_LEFT,2,56.67576274781452,25.30223768177482,-0.23488811591125902
4,10,LANE_LEFT,2,30.692789064713438,25.17355787045422,-0.8440190840751242
4,11,LANE_LEFT,2,105.87995794001054,25.073628112521117,-0.9213738024455808
5,0,IDLE,0,190.85507335065233,25.208886626417602,-0.23955566867911993
5,1,IDLE,0,131.84144648748025,25.224950447632725,-0.2387524776183637
5,2,IDLE,0,41.56496535846381,25.076415416783636,-0.24617922916081825
5,3,IDLE,0,72.27899404040978,25.20311470879403,-0.2398442645602985
5,4,IDLE,1,160.773665209318,25.028471953735075,-0.2485764023132463
5,5,IDLE,1,99.81610043543759,25.175998820802462,-0.2430012194190606
5,6,IDLE,1,130.01369827869118,25.152975177709024,-0.24235124111454875
5,7,IDLE,1,71.74593188809826,25.150501204333523,-0.5324428871857445
5,8,IDLE,2,136.35371768073995,25.227586954871995,-0.23862065225640028
5,9,LANE_LEFT,2,61.729742646534795,25.212271183907692,-0.23938644080461535
5,10,LANE_LEFT,2,35.723786643222546,25.121895239605706,-0.8348482546063496
5,11,LANE_LEFT,2,110.89310798150608,25.051711376695216,-0.9119390721305206
6,0,IDLE,0,195.89238067405367,25.146707754082044,-0.24266461229589775
6,1,IDLE,0,136.88162282257187,25.157989889146716,-0.24210050554266416
6,2,IDLE,0,46.578613214794714,25.05366898956546,-0.24731655052172707
6,3,IDLE,0,77.31527049457301,25.14265395185534,-0.24286730240723298
6,4,IDLE,1,165.7787503236888,25.019996763117092,-0.24900016184414542
6,5,IDLE,1,104.84753396968792,25.123609597051935,-0.24381952014740327
6,6,IDLE,1,135.0410197713355,25.107439356635144,-0.2446280321682428
6,7,IDLE,1,76.77281152706152,25.105701806061404,-0.526902615411522
6,8,IDLE,2,141.39436489819445,25.15984159244782,-0.2420079203776091
6,9,LANE_LEFT,2,66.7676544546895,25.14908483698318,-0.2425457581508409
6,10,LANE_LEFT,2,40.74555723334143,25.08561092274091,-0.8283990472377614
6,11,LANE_LEFT,2,115.90234367594465,25.036318552630934,-0.9053183107703848
7,0,IDLE,0,200.91858279967983,25.103037544705085,-0.24484812276474577
7,1,IDLE,0,141.90983994680633,25.110961348755993,-0.24445193256220032
7,2,IDLE,0,51.588198540503114,25.03769344671813,-0.2481153276640935
7,3,IDLE,0,82.34074860778503,25.100190429835305,-0.24499047850823474
7,4,IDLE,1,170.78232176203977,25.0140443658655,-0.2492977817067249
7,5,IDLE,1,109.86961074545769,25.086814970768987,-0.24565925146155065
7,6,IDLE,1,140.060208528858,25.07545809409766,-0.2462270952951171
7,7,IDLE,1,81.79168995662145,25.07423775679484,-0.5230039570116362
7,8,IDLE,2,146.4229127381625,25.112261859167738,-0.24438690704161314
7,9,LANE_LEFT,2,71.79428112927827,25.104707046001906,-0.2447646476999047
7,10,LANE_LEFT,2,45.76084741460462,25.060127287302254,-0.8238654816480764
7,11,LANE_LEFT,2,120.90883019933635,25.025507680311435,-0.9006710662384977
8,0,IDLE,0,205.93698538996873,25.072366560890266,-0.24638167195548666
8,1,IDLE,0,146.92965773502036,25.077931701732606,-0.24610341491336973
8,2,IDLE,0,56.594930621110386,25.02647331237268,-0.24867633438136605
8,3,IDLE,0,87.35864270101487,25.0703669411189,-0.2464816529440551
8,4,IDLE,1,175.7848300973425,25.009863807027624,-0.24950680964861882
8,5,IDLE,1,114.88511597068968,25.060972928715664,-0.24695135356421682
8,6,IDLE,1,145.07368540656924,25.05299663124554,-0.24735016843772295
8,7,IDLE,1,86.80494888108605,25.052139549353853,-0.5202620713522592
8,8,IDLE,2,151.44296279860643,25.078845091761156,-0.24605774541194214
8,9,LANE_LEFT,2,76.81298189387284,25.073539105010937,-0.2463230447494531
8,10,LANE_LEFT,2,50.77158619760428,25.042229315636153,-0.8206793948943136
8,11,LANE_LEFT,2,125.91338589203394,25.01791485914877,-0.8974084997748106
9,0,IDLE,0,210.94991011730468,25.050825348663672,-0.2474587325668164
9,1,IDLE,0,151.94357640109112,25.054733924948003,-0.24726330375259986
9,2,IDLE,0,61.59965877648887,25.018593053408523,-0.2490703473295739
9,3,IDLE,0,92.37121029461387,25.04942095178721,-0.24752895241063955
9,4,IDLE,1,180.786591781396,25.00692766693847,-0.2496536166530765
9,5,IDLE,1,119.89600578594178,25.042823236628834,-0.24785883816855825
9,6,IDLE,1,150.08315064852832,25.037221227980407,-0.24813893860097969
9,7,IDLE,1,91.81426104751387,25.036619271974175,-0.5183345124971037
9,8,IDLE,2,156.45704459688804,25.055375427958452,-0.24723122860207736
9,9,LANE_LEFT,2,81.8261160385538,25.051648863875993,-0.24741755680620037
9,10,LANE_LEFT,2,55.77912838813353,25.029658998087392,-0.8184407065911375
9,11,LANE_LEFT,2,130.91658550062266,25.01258217816759,-0.8951177557372553
10,0,IDLE,0,215.95898756640756,25.035696266825514,-0.24821518665872433
10,1,IDLE,0,156.95335192513534,25.038441384874318,-0.24807793075628415
10,2,IDLE,0,66.60297951113056,25.01305849567238,-0.2493470752163811
10,3,IDLE,0,97.38003691727874,25.034709914012417,-0.24826450429937919
10,4,IDLE,1,185.78782906841298,25.004865521910144,-0.24975672390449277
10,5,IDLE,1,124.90365405124916,25.030076127783214,-0.2484961936108393
10,6,IDLE,1,155.08979839048035,25.02614165806031,-0.2486929170969845
10,7,IDLE,1,96.82080127962777,25.025718885117666,-0.5169798150739464
10,8,IDLE,2,161.4669346938979,25.038891932942015,-0.24805540335289922
10,9,LANE_LEFT,2,86.83534056815141,25.03627464787998,-0.24818626760600093
10,10,LANE_LEFT,2,60.78442550960264,25.02083046230555,-0.8168679114066558
10,11,LANE_LEFT,2,135.9188326879991,25.008836865873533,-0.8935092184369541
11,0,IDLE,0,220.96536294904223,25.025070629101048,-0.24874646854494764
11,1,IDLE,0,161.96021758811293,25.026998613245063,-0.24865006933774692
11,2,IDLE,0,71.60531176920537,25.009171398881012,-0.24954143005594942
11,3,IDLE,0,102.3862361364892,25.024377881995004,-0.24878110590024982
11,4,IDLE,1,190.7886980546307,25.00341721154732,-0.24982913942263407
11,5,IDLE,1,129.90902567242526,25.021123425823053,-0.24894382870884735
11,6,IDLE,1,160.0944673121257,25.018360121984745,-0.2490819939007627
11,7,IDLE,1,101.8253946936776,25.018063195034628,-0.5160279178803764
11,8,IDLE,2,166.47388082513118,25.02731504755324,-0.248634247622338
11,9,LANE_LEFT,2,91.84181925011843,25.02547684460158,-0.2487261577699209
11,10,LANE_LEFT,2,65.78814584731482,25.01462989945191,-0.8157630437418503
11,11,LANE_LEFT,2,140.92041095951726,25.006206413343275,-0.8923796516656127
12,0,IDLE,0,225.96984058403393,25.017607904114865,-0.24911960479425677
12,1,IDLE,0,166.96503956265957,25.018961989000648,-0.24905190054996762
12,2,IDLE,0,76.606949788594,25.006441366566637,-0.24967793167166819
12,3,IDLE,0,107.39059004627761,25.01712136568099,-0.2491439317159505
12,4,IDLE,1,195.78930837142556,25.0024000168892,-0.24987999915553993
12,5,IDLE,1,134.91279833366278,25.01483565709383,-0.2492582171453085
12,6,IDLE,1,165.09774644502338,25.012894900488604,-0.24935525497556976
12,7,IDLE,1,106.82862079517761,25.012686359201275,-0.5153591479945778
12,8,IDLE,2,171.47875931510572,25.019184230929024,-0.24904078845354882
12,9,LANE_LEFT,2,96.84636943553288,25.01789320224418,-0.24910533988779093
12,10,LANE_LEFT,2,70.790758759398,25.01027504597994,-0.8149869397545123
12,11,LANE_LEFT,2,145.9215194300485,25.00435896245783,-0.8915863998809962
13,0,IDLE,0,230.97298537020092,25.012366593836504,-0.24938167030817482
13,1,IDLE,0,171.96842618950166,25.013317610930496,-0.24933411945347517
13,2,IDLE,0,81.60810022196432,25.004523977616074,-0.24977380111919634
13,3,IDLE,0,112.39364793627989,25.01202488234385,-0.24939875588280747
13,4,IDLE,1,200.7897370164173,25.001685608569645,-0.2499157195715178
13,5,IDLE,1,139.91544799423016,25.010419556148204,-0.24947902219258977
13,6,IDLE,1,170.10004948486375,25.00905650075468,-0.24954717496226597
13,7,IDLE,1,111.83088658937241,25.00891003554328,-0.5148893399424463
13,8,IDLE,2,176.48218563453915,25.01347369854,-0.24932631507299996
13,9,LANE_LEFT,2,101.84956517618059,25.012566967831305,-0.24937165160843477
13,10,LANE_LEFT,2,75.79259389106686,25.00721649319853,-0.8144417978421732
13,11,LANE_LEFT,2,150.92229794433112,25.00306143865351,-0.8910293127798204
14,0,IDLE,0,235.97519405403838,25.008685454107393,-0.24956572729463034
14,1,IDLE,0,176.97080472577485,25.009353383808524,-0.24953233080957382
14,2,IDLE,0,86.60890820808999,25.003177334073293,-0.2498411332963354
14,3,IDLE,0,117.39579559016353,25.00844545920446,-0.249577727039777
14,4,IDLE,1,205.79003806749515,25.001183856773192,-0.24994080716134037
14,5,IDLE,1,144.917308935534,25.00731798730848,-0.24963410063457603
14,6,IDLE,1,175.10166698335243,25.006360669940186,-0.24968196650299068
14,7,IDLE,1,116.83247792905381,25.00625780274096,-0.5145593246587623
14,8,IDLE,2,181.48459204818786,25.009463009125486,-0.24952684954372573
14,9,LANE_LEFT,2,106.85180964697844,25.008826183168214,-0.24955869084158933
14,10,LANE_LEFT,2,80.79388276269162,25.00506837382393,-0.8140588980043713
14,11,LANE_LEFT,2,155.92284471979434,25.002150146214813,-0.8906380719250746
15,0,IDLE,0,240.97674528329048,25.00610007202056,-0.24969499639897208
15,1,IDLE,0,181.97247524782134,25.006569180397758,-0.24967154098011213
15,2,IDLE,0,91.60947568257058,25.002231543272327,-0.24988842283638368
15,3,IDLE,0,122.39730395612843,25.005931515929607,-0.24970342420351965
15,4,IDLE,1,210.79024950528918,25.00083146044976,-0.24995842697751203
15,5,IDLE,1,149.91861593409035,25.005139656381264,-0.24974301718093683
15,6,IDLE,1,180.10280300423884,25.004467301796126,-0.24977663491019375
15,7,IDLE,1,121.83359557777379,25.00439505487431,-0.5143275176987347
15,8,IDLE,2,186.48628214940615,25.00664617376166,-0.24966769131191702
15,9,LANE_LEFT,2,111.85338601055663,25.006198910537893,-0.24969005447310533
15,10,LANE_LEFT,2,85.79478797842809,25.00355968092984,-0.8137899607790494
15,11,LANE_LEFT,2,160.92322873767796,25.00151011640876,-0.8903633004474873
16,0,IDLE,0,245.977834761174,25.004284275548045,-0.24978578622259773
16,1,IDLE,0,186.9736485088471,25.004613745354803,-0.24976931273225988
16,2,IDLE,0,96.60987423803567,25.00156728416383,-0.24992163579180848
16,3,IDLE,0,127.39836332975537,25.00416589321805,-0.24979170533909745
16,4,IDLE,1,215.79039800480984,25.000583961248665,-0.2499708019375667
16,5,IDLE,1,154.9195338809502,25.003609744948157,-0.24981951275259218
16,6,IDLE,1,185.10360086801643,25.00313752883349,-0.2498431235583254
16,7,IDLE,1,126.83438053819168,25.003086787511176,-0.5141646991000337
16,8,IDLE,2,191.4874691615101,25.0046678202551,-0.249766608987245
16,9,LANE_LEFT,2,116.85449314108068,25.004353692997807,-0.24978231535010964
16,10,LANE_LEFT,2,90.79542374037194,25.002500077690094,-0.8136010704504119
16,11,LANE_LEFT,2,165.92349844571146,25.001060603019596,-0.8901703243317917
17,0,IDLE,0,250.97859993631303,25.003008983649654,-0.24984955081751736
17,1,IDLE,0,191.97447252756479,25.00324038082532,-0.24983798095873389
17,2,IDLE,0,101.61015415627728,25.001100753761154,-0.2499449623119423
17,3,IDLE,0,132.39910736171282,25.002925839955612,-0.2498537080022194
17,4,IDLE,1,220.79050230076948,25.000410134649268,-0.24997949326753655
17,5,IDLE,1,159.92017858436895,25.00253523925028,-0.24987323803748596
17,6,IDLE,1,190.10416123324842,25.002203586780176,-0.2498898206609912
17,7,IDLE,1,131.83493184098174,25.00216794952774,-0.5140503399012015
17,8,IDLE,2,196.48830283804946,25.00327835935612,-0.24983608203219398
17,9,LANE_LEFT,2,121.85527071423337,25.003057737743315,-0.24984711311283425
17,10,LANE_LEFT,2,95.79587025630508,25.001755884468214,-0.8134684032230636
17,11,LANE_LEFT,2,170.92368787028366,25.000744895399222,-0.8900347933437653
18,0,IDLE,0,255.9791373432694,25.002113305389056,-0.24989433473054723
18,1,IDLE,0,196.97505126224718,25.00227582302135,-0.24988620884893253
18,2,IDLE,0,106.61035075180499,25.0007730945483,-0.24996134527258496
18,3,IDLE,0,137.39962991913697,25.002054910915327,-0.24989725445423372
18,4,IDLE,1,225.79057555115537,25.000288050672737,-0.24998559746636317
18,5,IDLE,1,164.92063138018568,25.001780579555756,-0.24991097102221216
18,6,IDLE,1,195.10455479566102,25.00154764942586,-0.24992261752870704
18,7,IDLE,1,136.83531903855175,25.001522620244447,-0.5139700185777053
18,8,IDLE,2,201.4888883557287,25.002302496557387,-0.24988487517213065
18,9,LANE_LEFT,2,126.85581682871097,25.002147546947292,-0.24989262265263545
18,10,LANE_LEFT,2,100.79618385871628,25.00123321378289,-0.8133752250563812
18,11,LANE_LEFT,2,175.92382090921504,25.000523163846918,-0.8899396067364079
19,0,IDLE,0,260.9795147813512,25.001484241919336,-0.2499257879040332
19,1,IDLE,0,201.9754577261119,25.001598383246815,-0.24992008083765926
19,2,IDLE,0,111.6104888271276,25.000542969010603,-0.2499728515494699
19,3,IDLE,0,142.39999692791773,25.001443229614058,-0.24992783851929712
19,4,IDLE,1,230.7906269972426,25.00020230719402,-0.24998988464029903
19,5,IDLE,1,169.92094939315984,25.001250557932163,-0.2499374721033918
19,6,IDLE,1,200.10483120712223,25.00108696365712,-0.249945651817144
19,7,IDLE,1,141.8355909797806,25.001069384863044,-0.5139136047649544
19,8,IDLE,2,206.4892995835089,25.001617116923708,-0.24991914415381467
19,9,LANE_LEFT,2,131.85620038236328,25.0015082908601,-0.24992458545699492
19,10,LANE_LEFT,2,105.79640411171289,25.000866125455197,-0.8133097821970781
19,11,LANE_LEFT,2,180.92391434670867,25.000367434690837,-0.889872754700717
20,0,IDLE,0,265.97977986817966,25.001042430538682,-0.24994787847306588
20,1,IDLE,0,206.9757431986753,25.00112259564111,-0.2499438702179445
20,2,IDLE,0,116.61058580183979,25.000381344490297,-0.24998093277548517
20,3,IDLE,0,147.40025468991465,25.001013626285868,-0.24994931868570658
20,4,IDLE,1,235.79066312947398,25.000142086808424,-0.24999289565957883
20,5,IDLE,1,174.9211727438358,25.00087830680558,-0.24995608465972108
20,6,IDLE,1,205.10502533972604,25.000763409317482,-0.24996182953412593
20,7,IDLE,1,146.83578197279726,25.000751063168558,-0.5138739827617553
20,8,IDLE,2,211.48958840192245,25.001135752901153,-0.24994321235494232
20,9,LANE_LEFT,2,136.85646976435225,25.001059320878426,-0.24994703395607876
20,10,LANE_LEFT,2,110.79655880243205,25.000608307589932,-0.8132638191637115
20,11,LANE_LEFT,2,185.92397997084686,25.000258061127173,-0.8898258026560543
21,0,IDLE,0,270.9799660471318,25.00073213228505,-0.24996339338574747
21,1,IDLE,0,211.97594369518075,25.000788434798693,-0.24996057826006535
21,2,IDLE,0,121.61065391027962,25.000267830423912,-0.24998660847880438
21,3,IDLE,0,152.40043572440354,25.00071190213767,-0.24996440489311644
21,4,IDLE,1,240.7906885062949,25.000099792106877,-0.24999501039465621
21,5,IDLE,1,179.92132961015415,25.00061686294164,-0.24996915685291798
21,6,IDLE,1,210.10516168525845,25.000536166763442,-0.24997319166182785
21,7,IDLE,1,151.83591611329732,25.000527495668454,-0.5138461545780508
21,8,IDLE,2,216.48979124832536,25.000797675562946,-0.24996011622185266
21,9,LANE_LEFT,2,141.85665895993301,25.000743994910497,-0.24996280025447515
21,10,LANE_LEFT,2,115.79666744666828,25.000427233862887,-0.8132315376483439
21,11,LANE_LEFT,2,190.92402606077658,25.000181244577657,-0.8897928268709155
22,0,IDLE,0,275.98009680656054,25.000514199903908,-0.24997429000480464
22,1,IDLE,0,216.97608451028472,25.000553742958754,-0.24997231285206234
22,2,IDLE,0,126.61070174501377,25.000188105866997,-0.2499905947066502
22,3,IDLE,0,157.40056287071127,25.00049999162481,-0.24997500041875953
22,4,IDLE,1,245.79070632924734,25.000070087186174,-0.24999649564069126
22,5,IDLE,1,184.92143978238323,25.000433242559833,-0.2499783378720084
22,6,IDLE,1,215.1052574450837,25.000376567054712,-0.2499811716472644
22,7,IDLE,1,156.83601032445785,25.000370477067555,-0.5138266097655453
22,8,IDLE,2,221.48989437494072,25.000560233042837,-0.24997198834785817
22,9,LANE_LEFT,2,146.85679183803637,25.000522531404904,-0.24997387342975474
22,10,LANE_LEFT,2,120.79674375098782,25.000300059996977,-0.8132088652057372
22,11,LANE_LEFT,2,195.92405843120733,25.000127293859755,-0.8897758219021915
23,0,IDLE,0,280.9801886430866,25.000361139027163,-0.24998194304864185
23,1,IDLE,0,221.9761834092329,25.000388911378437,-0.24998055443107814
23,2,IDLE,0,131.61073534087646,25.000132112762554,-0.2499933943618723
23,3,IDLE,0,162.40065216962697,25.00035116009863,-0.24998244199506847
23,4,IDLE,1,250.79071884687647,25.00004922447095,-0.2499975387764526
23,5,IDLE,1,189.921517159861,25.00030428009689,-0.2499847859951554
23,6,IDLE,1,220.1053247002696,25.000264475078204,-0.24998677624608978
23,7,IDLE,1,161.83607649196702,25.00026019788558,-0.5138128827254864
23,8,IDLE,2,226.4894695909715,25.000393469571925,-0.24998032652140378
23,9,LANE_LEFT,2,151.85688516257537,25.000366990506603,-0.24998165047466991
23,10,LANE_LEFT,2,125.79679734195024,25.00021074172627,-0.81319294157404
23,11,LANE_LEFT,2,200.92408116599543,25.000089402546223,-0.8898416727443275
24,0,IDLE,0,285.98025314281404,25.000253639481357,-0.2499873180259321
24,1,IDLE,0,226.97625286912518,25.000273144891302,-0.24998634275543485
24,2,IDLE,0,136.61075893632457,25.000092787015674,-0.24999536064921624
24,3,IDLE,0,167.40071488710961,25.000246630960905,-0.24998766845195475
24,4,IDLE,1,255.7907276384075,25.00003457191924,-0.24999827140403796
24,5,IDLE,1,194.92157150453676,25.00021370563732,-0.2499893147181339
24,6,IDLE,1,225.10537193573623,25.000185749300467,-0.24999071253497662
24,7,IDLE,1,166.83612296352354,25.000182745291383,-0.5138032417403665
24,8,IDLE,2,231.4874683463022,25.00027634625628,-0.2499861826871861
24,9,LANE_LEFT,2,156.85695070738188,25.00025774916239,-0.24998711254188044
24,10,LANE_LEFT,2,130.796834980596,25.000148010649998,-0.8131817578735948
24,11,LANE_LEFT,2,205.92409713336377,25.00006279026566,-0.890154373957244
25,0,IDLE,0,290.98029844303414,25.00017813911448,-0.2499910930442759
25,1,IDLE,0,231.97630165302758,25.000191838387305,-0.24999040808063477
25,2,IDLE,0,141.61077550816194,25.00006516728673,-0.24999674163566343
25,3,IDLE,0,172.4007589356022,25.000173216806562,-0.24999133915967187
25,4,IDLE,1,260.7907338129807,25.000024280963856,-0.24999878595180713
25,5,IDLE,1,199.92160967253946,25.000150092299464,-0.24999249538502677
25,6,IDLE,1,230.10540511071417,25.00013045767056,-0.2499934771164719
25,7,IDLE,1,171.83615560198297,25.00012834785897,-0.5137964705456131
25,8,IDLE,2,236.48282233658585,25.00019408680825,-0.24999029565958752
25,9,LANE_LEFT,2,161.8569967415944,25.000181025474816,-0.24999094872625915
25,10,LANE_LEFT,2,135.79686141541993,25.00010395261015,-0.8131739031910143
25,11,LANE_LEFT,2,210.92410834775688,25.00004409961045,-0.8908811183296493
26,0,IDLE,0,295.9803302588266,25.00012511279371,-0.2499937443603144
26,1,IDLE,0,236.97633591552145,25.000134734230862,-0.24999326328845695
26,2,IDLE,0,146.610787147093,25.000045769068322,-0.2499977115465839
26,3,IDLE,0,177.40078987226642,25.000121655699534,-0.2499939172150233
26,4,IDLE,1,265.7907381495808,25.000017053296975,-0.24999914733515127
26,5,IDLE,1,204.92163647914768,25.000105414619103,-0.24999472926904487
26,6,IDLE,1,235.10542841056153,25.00009162459167,-0.24999541877041653
26,7,IDLE,1,176.8361785250162,25.000090142803558,-0.5137917149078914
26,8,IDLE,2,241.47473334008538,25.000136313368756,-0.24999318433156215
26,9,LANE_LEFT,2,166.8570290728932,25.000127139976826,-0.24999364300115867
26,10,LANE_LEFT,2,140.79687998144166,25.0000730092406,-0.8131683865903124
26,11,LANE_LEFT,2,215.92411622398365,25.00003097256591,-0.892147055107356
27,0,IDLE,0,300.98035260407454,25.000087870713827,-0.24999560646430863
27,1,IDLE,0,241.97635997916595,25.000094628156653,-0.24999526859216736
27,2,IDLE,0,151.61079532148625,25.000032145079537,-0.2499983927460232
27,3,IDLE,0,182.4008116000745,25.000085442686093,-0.24999572786569535
27,4,IDLE,1,270.7907411953137,25.000011977075516,-0.2499994011462242
27,5,IDLE,1,209.92165530628543,25.000074036056212,-0.24999629819718938
27,6,IDLE,1,240.105444774789,25.000064350879196,-0.24999678245604018
27,7,IDLE,1,181.8361946245951,25.000063310172045,-0.5137883748659782
27,8,IDLE,2,246.46275260428027,25.000095737235668,-0.2499952131382166
27,9,LANE_LEFT,2,171.8570517801977,25.000089294469323,-0.24999553527653384
27,10,LANE_LEFT,2,145.7968930209521,25.000051276723166,-0.8131645121023185
27,11,LANE_LEFT,2,220.92409742481027,25.00002175302297,-0.8940191444602316
28,0,IDLE,0,305.98036829785633,25.00006171441081,-0.24999691427945958
28,1,IDLE,0,246.97637687983263,25.000066460378886,-0.24999667698105577
28,2,IDLE,0,156.61080106262392,25.00002257651677,-0.24999887117416153
28,3,IDLE,0,187.40082686020853,25.000060009129328,-0.2499969995435336
28,4,IDLE,1,275.7907433344292,25.00000841188294,-0.24999957940585293
28,5,IDLE,1,214.921668529186,25.00005199788859,-0.24999740010557048
28,6,IDLE,1,245.10545626790898,25.000045195679217,-0.24999774021603915
28,7,IDLE,1,186.83620593184392,25.000044464757323,-0.5137860290450598
28,8,IDLE,2,251.4468145981537,25.000067239320526,-0.24999663803397376
28,9,LANE_LEFT,2,176.85706772826342,25.0000627143598,-0.24999686428201007
28,10,LANE_LEFT,2,150.79690217901705,25.000036013281566,-0.8131617909240918
28,11,LANE_LEFT,2,225.9236832117228,25.000015277843293,-0.8964505904937757
29,0,IDLE,0,310.9803793201009,25.000043344003203,-0.2499978327998399
29,1,IDLE,0,251.97638874971102,25.00004667724827,-0.24999766613758645
29,2,IDLE,0,161.6108050948084,25.00001585620931,-0.2499992071895345
29,3,IDLE,0,192.40083757788844,25.000042146329516,-0.24999789268352424
29,4,IDLE,1,280.7907448367984,25.00000590793425,-0.24999970460328758
29,5,IDLE,1,219.92167781605173,25.000036519779094,-0.2499981740110453
29,6,IDLE,1,250.1054643398945,25.00003174237004,-0.24999841288149793
29,7,IDLE,1,191.83621387328617,25.000031229020234,-0.513784381498702
29,8,IDLE,2,256.427237107137,25.000047224323882,-0.24999763878380588
29,9,LANE_LEFT,2,181.85707892909969,25.00004404629934,-0.24999779768503294
29,10,LANE_LEFT,2,155.79690861101878,25.000025293278682,-0.8131598797529204
29,11,LANE_LEFT,2,230.92184924280497,25.00001073011765,-0.899231832387673
30,0,IDLE,0,315.9803870613755,25.000030441878792,-0.24999847790606045
30,1,IDLE,0,256.976397086306,25.000032782923338,-0.2499983608538331
30,2,IDLE,0,166.61080792674042,25.000011136322588,-0.24999944318387057
30,3,IDLE,0,197.40084510525756,25.00002960071428,-0.2499985199642859
30,4,IDLE,1,285.79074589196034,25.000004149331048,-0.24999979253344762
30,5,IDLE,1,224.92168433851432,25.000025649008087,-0.24999871754959568
30,6,IDLE,1,255.1054700091079,25.000022293681017,-0.24999888531594916
30,7,IDLE,1,196.8362194508149,25.00002193313904,-0.5137832243735772
30,8,IDLE,2,261.4046864001861,25.00003316715203,-0.24999834164239854
30,9,LANE_LEFT,2,186.857086795805,25.000030935123817,-0.2499984532438091
30,10,LANE_LEFT,2,160.79691312841916,25.000017764278034,-0.8131585374759625
30,11,LANE_LEFT,2,235.91749977180743,25.000007536104576,-0.9020869927608061
31,0,IDLE,0,320.98039249832016,25.00002138030445,-0.24999893098477755
31,1,IDLE,0,261.97640294136306,25.000023024494855,-0.24999884877525724
31,2,IDLE,0,171.6108099156968,25.00000782139529,-0.24999960893023554
31,3,IDLE,0,202.4008503919695,25.000020789527724,-0.2499989605236138
31,4,IDLE,1,290.7907466330343,25.000002914207812,-0.24999985428960936
31,5,IDLE,1,229.9216889194483,25.00001801411816,-0.24999909929409192
31,6,IDLE,1,260.1054739907777,25.00001565756472,-0.24999921712176398
31,7,IDLE,1,201.83622336809157,25.000015404344563,-0.5137824116872858
31,8,IDLE,2,266.38011078670314,25.000023294350946,-0.2499988352824527
31,9,LANE_LEFT,2,191.85709232084358,25.000021726726192,-0.24999891366369043
31,10,LANE_LEFT,2,165.79691630113385,25.00001247642024,-0.8131575947517776
31,11,LANE_LEFT,2,240.90979543044324,25.00000529284711,-0.9047354272884571
32,0,IDLE,0,325.9803963168601,25.000015016071163,-0.2499992491964418
32,1,IDLE,0,266.97640705355684,25.000016170838634,-0.24999919145806826
32,2,IDLE,0,176.61081131260443,25.000005493215898,-0.24999972533920511
32,3,IDLE,0,207.40085410499626,25.000014601149786,-0.24999926994251065
32,4,IDLE,1,295.79074715351425,25.00000204674129,-0.2499998976629355
32,5,IDLE,1,234.92169213678463,25.000012651890945,-0.2499993674054528
32,6,IDLE,1,265.1054767872317,25.000010996808143,-0.2499994501595928
32,7,IDLE,1,206.83622611932017,25.000010818963535,-0.5137818409115656
32,8,IDLE,2,271.354649277166,25.00001636036719,-0.2499991819816405
32,9,LANE_LEFT,2,196.85709620125476,25.000015259374226,-0.24999923703128868
32,10,LANE_LEFT,2,170.79691852943276,25.0000087625887,-0.8131569326463608
32,11,LANE_LEFT,2,245.8982415289864,25.000003717335694,-0.906919978634177
33,0,IDLE,0,330.98039899874277,25.000010546266715,-0.24999947268666423
33,1,IDLE,0,271.976409941682,25.00001135729682,-0.24999943213515896
33,2,IDLE,0,181.61081229369734,25.0000038580611,-0.24999980709694503
33,3,IDLE,0,212.40085671277362,25.00001025485417,-0.2499994872572915
33,4,IDLE,1,300.79074751906387,25.000001437491825,-0.24999992812540872
33,5,IDLE,1,239.9216943964228,25.000008885827384,-0.24999955570863075
33,6,IDLE,1,270.10547875127065,25.000007723409837,-0.2499996138295082
33,7,IDLE,1,211.83622805159595,25.00000759850388,-0.5137814400374507
33,8,IDLE,2,276.3295238489145,25.00001149040878,-0.249999425479561
33,9,LANE_LEFT,2,201.85709892659156,25.000010717146235,-0.24999946414268825
33,10,LANE_LEFT,2,175.79692009443832,25.00000615424611,-0.8131564676285238
33,11,LANE_LEFT,2,250.88272547999898,25.00000261080367,-0.9084300768190944
34,0,IDLE,0,335.9804008823147,25.000007406980192,-0.24999962965099043
34,1,IDLE,0,276.97641197010455,25.000007976592556,-0.24999960117037223
34,2,IDLE,0,186.61081298275022,25.000002709639617,-0.24999986451801914
34,3,IDLE,0,217.40085854429904,25.000007202311846,-0.24999963988440776
34,4,IDLE,1,305.7907477758011,25.000001009596456,-0.24999994952017723
34,5,IDLE,1,244.92169598343887,25.000006240800577,-0.24999968795997118
34,6,IDLE,1,275.1054801306781,25.00000542439758,-0.2499997287801211
34,7,IDLE,1,216.83622940869503,25.00000533667214,-0.5137811584907195
34,8,IDLE,2,281.30592467209453,25.000008070081336,-0.24999959649593317
34,9,LANE_LEFT,2,206.85710084068268,25.000007526994338,-0.24999962365028305
34,10,LANE_LEFT,2,180.79692119359174,25.00000432232374,-0.8131561410316163
34,11,LANE_LEFT,2,255.86352062693095,25.000001833650863,-0.9091207977988011
35,0,IDLE,0,340.9804022052075,25.00000520215893,-0.24999973989205349
35,1,IDLE,0,281.9764133947305,25.000005602215893,-0.24999971988920533
35,2,IDLE,0,191.61081346669405,25.000001903066508,-0.24999990484667456
35,3,IDLE,0,222.40085983063787,25.000005058413805,-0.24999974707930972
35,4,IDLE,1,310.79074795611587,25.00000070907186,-0.24999996454640705
35,5,IDLE,1,249.92169709805097,25.00000438311371,-0.24999978084431462
35,6,IDLE,1,280.10548109947996,25.000003809727794,-0.24999980951361034
35,7,IDLE,1,221.83623036182908,25.000003748115414,-0.5137809607514308
35,8,IDLE,2,286.2848979539296,25.000005667876053,-0.24999971660619735
35,9,LANE_LEFT,2,211.85710218501006,25.0000052864487,-0.24999973567756495
35,10,LANE_LEFT,2,185.79692196556232,25.00000303570611,-0.8131559116521561
35,11,LANE_LEFT,2,260.84125505825705,25.00000128783161,-0.908925973089992
36,0,IDLE,0,345.9804031343174,25.000003653642487,-0.24999981731787568
36,1,IDLE,0,286.9764143952909,25.000003934615275,-0.2499998032692362
36,2,IDLE,0,196.6108138065833,25.000001336584432,-0.2499999331707784
36,3,IDLE,0,227.4008607340747,25.00000355268569,-0.2499998223657155
36,4,IDLE,1,315.7907480827567,25.00000049800383,-0.24999997509980854
36,5,IDLE,1,254.9216978808787,25.000003078400848,-0.24999984607995762
36,6,IDLE,1,285.1054817799005,25.000002675693594,-0.24999986621532033
36,7,IDLE,1,226.83623103124557,25.00000263242125,-0.5137808218727944
36,8,IDLE,2,291.26724596386526,25.000003980730508,-0.24999980096347463
36,9,LANE_LEFT,2,216.85710312917416,25.000003712841888,-0.24999981435790564
36,10,LANE_LEFT,2,190.79692250774193,25.000002132073426,-0.813155750551622
36,11,LANE_LEFT,2,265.8168482719667,25.0000009044853,-0.9078641490413216
37,0,IDLE,0,350.98040378686096,25.000002566069895,-0.24999987169650528
37,1,IDLE,0,291.9764150980164,25.000002763406062,-0.2499998618296969
37,2,IDLE,0,201.6108140452984,25.000000938725965,-0.24999995306370182
37,3,IDLE,0,232.4008613685873,25.000002495164708,-0.2499998752417646
37,4,IDLE,1,320.7907481717006,25.000000349764008,-0.24999998251179956
37,5,IDLE,1,259.9216984306836,25.000002162059307,-0.24999989189703464
37,6,FASTER,1,290.2124781425552,26.488342071269027,-0.17558289643654867
37,7,IDLE,1,231.83623150139817,25.000001848833577,-0.5137807243338892
37,8,FASTER,2,296.3602057921745,26.48834298783816,-0.1755828506080921
37,9,LANE_LEFT,2,221.85705088674578,25.000002607647527,-0.24999986961762366
37,10,LANE_LEFT,2,195.796922888532,25.000001497423312,-0.8131637579322685
37,11,LANE_LEFT,2,270.7914221189799,25.000000635248938,-0.8893007178800247
38,0,IDLE,0,355.98040424516313,25.000001802232905,-0.24999990988835474
38,1,IDLE,0,296.976415591563,25.0000019408284,-0.24999990295858
38,2,IDLE,0,206.61081421295563,25.000000659297246,-0.24999996703513772
38,3,IDLE,0,237.40086181422578,25.000001752433924,-0.24999991237830377
38,4,IDLE,1,325.79074823416875,25.00000024565044,-0.249999987717478
38,5,IDLE,1,264.9216988168292,25.000001518483355,-0.24999992407583227
38,6,IDLE,1,295.5852931462304,27.53365039847701,-0.1233174800761494
38,7,IDLE,1,236.83623183160137,25.000001298494915,-0.5137806558291913
38,8,IDLE,2,301.72271804513224,27.53365104221281,-0.1233174478893595
38,9,LANE_LEFT,2,226.85644877810748,25.000001831434204,-0.24999990842828979
38,10,LANE_LEFT,2,200.79692315597308,25.00000105168825,-0.8132561693899344
38,11,LANE_LEFT,2,275.7661943713027,25.00000044615563,-0.8290976877273523
39,0,IDLE,0,360.9804045670434,25.00000126576577,-0.2499999367117114
39,1,IDLE,0,301.97641593819657,25.00000136310582,-0.24999993184470903
39,2,IDLE,0,211.61081433070666,25.000000463045527,-0.24999997684772368
39,3,IDLE,0,242.40086212721192,25.000001230790357,-0.24999993846048219
39,4,IDLE,1,330.79074827804214,25.000000172528154,-0.2499999913735923
39,5,IDLE,1,269.9216990880315,25.000001066479392,-0.24999994667603043
39,6,IDLE,1,301.1448010774811,28.267803846392635,-0.0866098076803683
39,7,IDLE,1,241.83623206351362,25.00000091197448,-0.5137806077161575
39,8,IDLE,2,307.2759614940896,28.26780429850886,-0.08660978507455697
39,9,LANE_LEFT,2,231.85421769465918,25.000001286274777,-0.2499999356862611
39,10,LANE_LEFT,2,205.79692334380545,25.000000738634274,-0.8135986380128093
39,11,LANE_LEFT,2,280.74236419545025,25.00000031334936,-0.7411425508213574
40,0,IDLE,0,365.9804047931102,25.000000888987756,-0.24999995555061216
40,1,IDLE,0,306.97641618164835,25.000000957352782,-0.24999995213236093
40,2,IDLE,0,216.61081441340696,25.000000325211673,-0.24999998373941634
40,3,IDLE,0,247.4008623470321,25.000000864423406,-0.2499999567788297
40,4,IDLE,1,335.7907483088558,25.000000121172036,-0.24999999394139816
40,5,IDLE,1,274.92169927850557,25.00000074902256,-0.2499999625488719
40,6,IDLE,1,306.83542941877096,28.783423277576173,-0.06082883612119139
40,7,IDLE,1,246.836232226393,25.000000640508826,-0.5137805739248378
40,8,IDLE,2,312.9638187437081,28.783423595111845,-0.06082882024440772
40,9,LANE_LEFT,2,236.849294010787,25.00000090339189,-0.2499999548304055
40,10,LANE_LEFT,2,210.79692347572615,25.00000051876646,-0.8143545297701339
40,11,LANE_LEFT,2,285.720999168092,25.000000220075272,-0.6356296125597158
41,0,IDLE,0,370.98040495188417,25.000000624364514,-0.24999996878177433
41,1,IDLE,0,311.9764163526324,25.000000672379457,-0.24999996638102717
41,2,IDLE,0,221.61081447149004,25.000000228406552,-0.24999998857967243
41,3,IDLE,0,252.40086250141883,25.000000607112185,-0.24999996964439075
41,4,IDLE,1,340.7907483304973,25.000000085102997,-0.2499999957448502
41,5,IDLE,1,279.92169941228167,25.000000526062486,-0.24999997369687565
41,6,IDLE,1,312.6181478148484,29.145559284113855,-0.04272203579430722
41,7,IDLE,1,251.83623234078843,25.00000044984982,-0.5137805501921049
41,8,IDLE,2,318.7459706720277,29.145559507129306,-0.042722024643534695
41,9,LANE_LEFT,2,241.8408964921398,25.000000634480998,-0.24999996827595017
41,10,LANE_LEFT,2,215.79692356837825,25.000000364346263,-0.8156440637680308
41,11,LANE_LEFT,2,290.70293342114576,25.000000154565896,-0.5198280444291694
42,0,IDLE,0,375.9804050633962,25.00000043851115,-0.2499999780744424
42,1,IDLE,0,316.9764164727199,25.000000472233584,-0.24999997638832083
42,2,IDLE,0,226.61081451228364,25.000000160417223,-0.2499999919791389
42,3,IDLE,0,257.4008626098496,25.000000426394294,-0.24999997868028534
42,4,IDLE,1,345.79074834569684,25.000000059770557,-0.24999999701147213
42,5,IDLE,1,284.92169950623685,25.0000003694705,-0.24999998152647507
42,6,IDLE,1,318.46554399974775,29.39989897594828,-0.03000505120258601
42,7,IDLE,1,256.83623242113197,25.000000315943907,-0.513780533523852
42,8,IDLE,2,324.5933193337615,29.399899132579158,-0.030450620429792616
42,9,LANE_LEFT,2,246.82859928589028,25.000000445616283,-0.2499999777191858
42,10,LANE_LEFT,2,220.79689795828565,25.00000025589203,-0.8175292462687451
42,11,LANE_LEFT,2,295.6886860322357,25.000000108556566,-0.39878192210858243
43,0,IDLE,0,380.98040514171464,25.000000307980397,-0.24999998460098016
43,1,IDLE,0,321.9764165570612,25.000000331664737,-0.24999998341676322
43,2,IDLE,0,231.61081454093429,25.000000112666143,-0.24999999436669285
43,3,IDLE,0,262.40086268600396,25.000000299470344,-0.2499999850264828
43,4,IDLE,1,350.79074835637186,25.000000041978772,-0.24999999790106142
43,5,IDLE,1,289.9216995722246,25.00000025949094,-0.249999987025453
43,6,IDLE,1,324.35836546294183,29.578529870624852,-1.2001952245228185
43,7,IDLE,1,261.8362324775598,25.000000221897505,-0.5137805218172002
43,8,IDLE,2,330.48614008787405,29.57852998063173,-0.022398376509451576
43,9,LANE_LEFT,2,251.81236237111247,25.000000312970556,-0.2499999843514722
43,10,LANE_LEFT,2,225.79648025871504,25.000000179721148,-0.8199607383975618
43,11,LANE_LEFT,2,300.67840772223553,25.00000007624275,-0.2757181941935332
44,0,IDLE,0,385.9804051967202,25.00000021630448,-0.24999998918477606
44,1,IDLE,0,326.9764166162968,25.000000232938746,-0.2499999883530627
44,2,IDLE,0,236.61081456105654,25.000000079129034,-0.24999999604354828
44,3,IDLE,0,267.4008627394896,25.000000210327595,-0.24999998948362023
44,4,IDLE,1,355.79074836386934,25.000000029483033,-0.2499999985258483
44,5,IDLE,1,294.9216996185699,25.00000018224878,-0.24999999088756097
44,6,IDLE,1,330.28309055094644,29.703988057283844,-1.353297229698092
44,7,IDLE,1,266.8362325171909,25.00000015584571,-0.513780513595254
44,8,IDLE,2,336.4108651947639,29.70398813454519,-0.01849531847920946
44,9,LANE_LEFT,2,256.79252858889686,25.000000219809223,-0.2499999890095388
44,10,LANE_LEFT,2,230.7946858852174,25.000000126223906,-0.822735293958723
44,11,LANE_LEFT,2,305.67186206226773,25.00000005354772,-0.24999999732261402
45,0,IDLE,0,390.98040523535235,25.000000151917547,-0.24999999240412263
45,1,IDLE,0,331.9764166578998,25.000000163600323,-0.2499999918199839
45,2,IDLE,0,241.61081457518904,25.00000005557485,-0.24999999722125743
45,3,IDLE,0,272.4008627770542,25.000000147719792,-0.2499999926140104
45,4,IDLE,1,360.7907483691351,25.000000020706878,-0.24999999896465608
45,5,IDLE,1,299.9216996511197,25.000000127999144,-0.24999999360004277
45,6,IDLE,1,336.2302225743461,29.792101351617735,-1.5120923253179501
45,7,IDLE,1,271.8362325450251,25.000000109455428,-0.5137805078207132
45,8,IDLE,2,342.3579972318232,29.792101405880846,-0.020033463936119385
45,9,LANE_LEFT,2,261.76978603001976,25.00000015437904,-0.24999999228104797
45,10,LANE_LEFT,2,235.79040802788694,25.000000088651085,-0.8255772582222747
45,11,LANE_LEFT,2,310.66844457295014,25.000000037608274,-0.2499999981195863
46,0,IDLE,0,395.98040526248496,25.00000010669655,-0.24999999466517253
46,1,IDLE,0,336.97641668711896,25.000000114901734,-0.24999999425491326
46,2,IDLE,0,246.61081458511475,25.000000039031995,-0.24999999804840023
46,3,IDLE,0,277.4008628034371,25.00000010374833,-0.2499999948125835
46,4,IDLE,1,365.7907483728334,25.0000000145431,-0.249999999272845
46,5,IDLE,1,304.92169967398047,25.00000008989789,-0.24999999550510554
46,6,IDLE,1,342.193091704635,29.85398613446952,-1.6772707459926777
46,7,IDLE,1,276.8362325645739,25.000000076874045,-0.5137805037650611
46,8,IDLE,2,348.32086637179947,29.853986172580235,-0.030780748837248018
46,9,LANE_LEFT,2,266.74509931588756,25.000000108425336,-0.24999999457873323
46,10,LANE_LEFT,2,240.78279490395389,25.00000006226249,-0.8282069107362275
46,11,LANE_LEFT,2,315.66723936959005,25.000000026413492,-0.24999999867932543
47,0,IDLE,0,400.9804052815411,25.0000000749364,-0.24999999625318003
47,1,IDLE,0,341.9764167076405,25.000000080699163,-0.24999999596504185
47,2,IDLE,0,251.61081459208592,25.000000027413417,-0.2499999986293291
47,3,IDLE,0,282.40086282196665,25.00000007286577,-0.24999999635671144
47,4,IDLE,1,370.7907483754308,25.000000010214087,-0.24999999948929563
47,5,IDLE,1,309.9216996900363,25.00000006313816,-0.24999999684309204
47,6,IDLE,1,348.16701350807523,29.897449795402462,-1.8495081977172172
47,7,IDLE,1,281.8362325783036,25.000000053991098,-0.5137805009166492
47,8,IDLE,2,354.2947881820463,29.897449822168834,-0.058477551694926286
47,9,LANE_LEFT,2,271.7196166209622,25.00000007615058,-0.24999999619247093
47,10,LANE_LEFT,2,245.77134097176418,25.00000004372894,-0.8303688977272343
47,11,LANE_LEFT,2,320.6670815930122,25.000000018551038,-0.25020742540231306
48,0,IDLE,0,405.9804052949248,25.000000052630227,-0.24999999736848866
48,1,IDLE,0,346.9764167220535,25.0000000566776,-0.24999999716611998
48,2,IDLE,0,256.610814596982,25.000000019253317,-0.24999999903733416
48,3,IDLE,0,287.40086283498056,25.00000005117596,-0.24999999744120205
48,4,IDLE,1,375.79074837725506,25.00000000717368,-0.24999999964131603
48,5,IDLE,1,314.92169970131283,25.000000044343945,-0.24999999778280269
48,6,IDLE,1,354.14869795713065,29.927975713643427,-2.0295093801776156
48,7,IDLE,1,286.8362325879464,25.000000037919676,-0.5137804989161123
48,8,IDLE,2,360.27647263588227,29.927975732442306,-0.11657433394053271
48,9,LANE_LEFT,2,276.69456100566015,25.00000005348299,-0.24999999732585054
48,10,LANE_LEFT,2,250.75592328328736,25.000000030712233,-0.8318548859309045
48,11,LANE_LEFT,1,324.7473930348255,25.000000013028984,-0.330633294193546
49,0,IDLE,0,410.9804053043246,25.000000036963893,-0.2499999981518053
49,1,IDLE,0,351.9764167321762,25.00000003980649,-0.24999999800967543
49,2,IDLE,0,261.6108146004206,25.00000001352222,-0.24999999932388894
49,3,IDLE,0,292.40086284412064,25.00000003594251,-0.24999999820287455
49,4,IDLE,1,380.79074837853625,25.000000005038302,-0.24999999974808484
49,5,IDLE,1,319.9216997092327,25.000000031144168,-0.24999999844279164
49,6,IDLE,1,360.13583436030814,29.94941504168098,-2.2180416155971647
49,7,IDLE,1,291.8362325947189,25.0000000266322,-0.5137804975110767
49,8,IDLE,2,366.2636090424172,29.94941505488403,-0.22536833401550102
49,9,LANE_LEFT,2,281.6711154403555,25.000000037562813,-0.24999999812185936
49,10,LANE_LEFT,2,255.7368054465865,25.000000021570184,-0.8325223200804979
49,11,IDLE,1,329.6993072440762,25.00000000915067,-0.24999999954246643
50,0,IDLE,0,415.9804053109264,25.000000025960922,-0.24999999870195388
50,1,IDLE,0,356.97641673928564,25.00000002795737,-0.2499999986021315
50,2,IDLE,0,266.6108146028357,25.00000000949709,-0.2499999995251455
50,3,IDLE,0,297.40086285053997,25.000000025243573,-0.24999999873782142
50,4,IDLE,1,385.7907483794361,25.00000000353856,-0.24999999982307197
50,5,IDLE,1,324.92169971479507,25.000000021873543,-4.735190830534283
50,6,IDLE,1,366.1267998451187,29.96447256699679,-2.415964585040511
50,7,IDLE,1,296.83623259947547,25.000000018704647,-0.24999999906476766
50,8,IDLE,2,372.2545745295858,29.964472576269717,-0.4110663857196892
50,9,LANE_LEFT,2,286.65031117640234,25.000000026381564,-0.24999999868092182
50,10,LANE_LEFT,2,260.7146071093356,25.000000015149432,-0.8323073090915583
50,11,IDLE,1,334.69739932444594,25.00000000642681,-0.2499999996786595
51,0,IDLE,0,420.9804053155631,25.000000018233184,-0.2499999990883408
51,1,IDLE,0,361.9764167442788,25.00000001963535,-0.24999999901823244
51,2,IDLE,0,271.61081460453187,25.00000000667011,-0.24999999966649455
51,3,IDLE,0,302.4008628550485,25.000000017729366,-0.24999999911353166
51,4,IDLE,1,390.7907483800681,25.000000002485244,-0.24999999987573784
51,5,IDLE,1,329.9216997187017,25.000000015362488,-4.7352146442762
51,6,IDLE,1,372.12045461634364,29.975047948288555,-2.624260263997797
51,7,IDLE,1,301.83623260281615,25.00000001313687,-0.24999999934315653
51,8,IDLE,2,378.24822930246694,29.975047954801227,-0.7010788866707833
51,9,LANE_LEFT,2,291.6329289984117,25.000000018528617,-0.24999999907356918
51,10,LANE_LEFT,2,265.690241320944,25.000000010639933,-0.8312303884816339
51,11,IDLE,1,339.69734112777854,25.000000004513755,-0.2499999997743123
52,0,IDLE,0,425.9804053188196,25.00000001280575,-0.2499999993597125
52,1,IDLE,0,366.9764167477857,25.000000013790533,-0.24999999931047334
52,2,IDLE,0,276.61081460572314,25.00000000468463,-0.24999999976576848
52,3,IDLE,0,307.400862858215,25.000000012451903,-0.2499999993774049
52,4,IDLE,1,395.790748380512,25.000000001745466,-0.2499999999127267
52,5,IDLE,1,334.92169972144546,25.000000010789567,-4.735215345995241
52,6,IDLE,1,378.11599815937126,29.982475376575778,-2.8440663661102867
52,7,IDLE,1,306.8362326051624,25.00000000922644,-0.24999999953867802
52,8,IDLE,2,384.2437728466578,29.982475381149833,-1.114686242607193
52,9,LANE_LEFT,2,296.61942232759367,25.00000001301324,-0.24999999934933803
52,10,LANE_LEFT,2,270.6648260181731,25.000000007472764,-0.8293946647586078
52,11,IDLE,1,344.6973394143547,25.000000003170154,-0.24999999984149235
53,0,IDLE,0,430.9804053211067,25.000000008993887,-0.24999999955030572
53,1,IDLE,0,371.9764167502487,25.000000009685532,-0.24999999951572338
53,2,IDLE,0,281.6108146065598,25.000000003290165,-0.24999999983549182
53,3,IDLE,0,312.4008628604389,25.00000000874537,-0.24999999956273145
53,4,IDLE,1,400.79074838082374,25.0000000012259,-0.24999999993870503
53,5,IDLE,1,339.9216997233725,25.000000007577857,-4.735215366822931
53,6,IDLE,1,384.1128682472042,29.98769189685432,-3.0767165476536156
53,7,IDLE,1,311.8362326068103,25.000000006480022,-0.24999999967599895
53,8,IDLE,2,390.24064293530756,29.98769190006682,-1.6504499847901313
53,9,LANE_LEFT,2,301.6098699583764,25.00000000913961,-0.24999999954301944
53,10,LANE_LEFT,2,275.63957791741393,25.00000000524836,-0.8269764434999051
53,11,IDLE,1,349.69733936451735,25.0000000022265,-0.24999999988867505
54,0,IDLE,0,435.980405322713,25.000000006316693,-0.2499999996841653
54,1,IDLE,0,376.97641675197855,25.00000000680246,-0.24999999965987707
54,2,IDLE,0,286.61081460714746,25.000000002310784,-0.24999999988446076
54,3,IDLE,0,317.40086286200085,25.000000006142155,-0.24999999969289222
54,4,IDLE,1,405.7907483810427,25.00000000086099,-0.24999999995695055
54,5,IDLE,1,344.92169972472595,25.000000005322175,-4.735215367572277
54,6,IDLE,1,390.11067000985224,29.991355625774226,-3.323791170927995
54,7,IDLE,1,316.83623260796764,25.000000004551126,-0.2499999997724437
54,8,IDLE,2,396.1314488137557,28.503015435986573,-2.3376122111380004
54,9,LANE_LEFT,2,306.60396417941485,25.000000006419043,-0.24999999967904785
54,10,LANE_LEFT,2,280.61569807228165,25.000000003686093,-0.8242089967277919
54,11,IDLE,1,354.69733936343306,25.00000000156374,-0.249999999921813
55,0,IDLE,0,440.9804053238412,25.000000004436416,-0.24999999977817922
55,1,IDLE,0,381.97641675319346,25.000000004777586,-0.24999999976112064
55,2,IDLE,0,291.6108146075602,25.000000001622936,-0.24999999991885313
55,3,IDLE,0,322.4008628630978,25.000000004313833,-0.2499999997843083
55,4,IDLE,1,410.79074838119647,25.0000000006047,-0.24999999996976496
55,5,IDLE,1,349.92169972567655,25.000000003737934,-4.735215367690519
55,6,IDLE,1,396.1091261175008,29.993928779693285,-3.5871836348497554
55,7,IDLE,1,321.83623260878045,25.000000003196405,-0.5137804945938449
55,8,IDLE,2,401.6500943689895,25.97193951059688,-3.057840825632582
55,9,LANE_LEFT,2,311.6010370287946,25.000000004508298,-0.2499999997745851
55,10,LANE_LEFT,2,285.59425872823704,25.000000002588862,-0.8213606952864627
55,11,IDLE,1,359.6973393636688,25.000000001098265,-0.24999999994508681
56,0,IDLE,0,445.9804053246336,25.000000003115836,-0.24999999984420818
56,1,IDLE,0,386.97641675404674,25.000000003355453,-0.24999999983222732
56,2,IDLE,0,296.6108146078501,25.00000000113984,-0.24999999994300803
56,3,IDLE,0,327.40086286386827,25.00000000302974,-0.24999999984851295
56,4,IDLE,1,415.79074838130447,25.0000000004247,-0.2499999999787651
56,5,IDLE,1,354.9216997263441,25.00000000262527,-4.735215367761525
56,6,IDLE,1,402.1080417925571,29.995735987932733,-3.8691894083604965
56,7,IDLE,1,326.8362326093513,25.000000002244935,-0.5137804944754125
56,8,IDLE,2,406.60969179598504,22.705943798937724,-3.7081220481490376
56,9,LANE_LEFT,2,316.6001235636594,25.00000000316632,-0.24999999984168397
56,10,LANE_LEFT,2,290.57610106707847,25.00000000181824,-0.8187093123453048
56,11,IDLE,1,364.6973393638637,25.000000000771347,-0.24999999996143263
57,0,IDLE,0,450.9804053251901,25.00000000218835,-0.24999999989058241
57,1,IDLE,0,391.97641675464604,25.00000000235664,-0.24999999988216803
57,2,IDLE,0,301.61081460805366,25.000000000800544,-0.2499999999599728
57,3,IDLE,0,332.40086286440936,25.000000002127884,-0.24999999989360577
57,4,IDLE,1,420.7907483813803,25.00000000029828,-0.24999999998508604
57,5,IDLE,1,359.921699726813,25.000000001843812,-4.735215367811074
57,6,IDLE,1,408.10728023649244,29.997005248040548,-4.172628472769773
57,7,IDLE,1,331.8362326097523,25.00000000157669,-0.5137804943922311
57,8,IDLE,2,410.87898381604225,18.923790432175743,-7.550581054521791
57,9,LANE_LEFT,2,321.60002143196664,25.000000002223807,-0.25024944755461404
57,10,LANE_LEFT,2,295.5617529753349,25.00000000127701,-0.8165202483555395
57,11,IDLE,1,369.69733936400144,25.000000000541743,-0.2499999999729129
58,0,IDLE,0,454.31373865879897,25.000000001729067,-0.2499999999135467
58,1,IDLE,0,395.30975008827613,25.000000001862034,-0.24999999990689825
58,2,IDLE,0,304.9441479414878,25.00000000063253,-0.24999999996837352
58,3,IDLE,0,335.73419619801064,25.00000000168129,-0.24999999991593547
58,4,IDLE,1,424.1240817147512,25.000000000235676,-0.2499999999882162
58,5,IDLE,1,363.25503306037854,25.00000000145684,-4.735215367835609
58,6,IDLE,1,412.10690311957904,17.05089614394133,-217.19626396982818
58,7,IDLE,1,335.16956594328417,25.00000000124578,-0.5137804943510385
58,8,IDLE,1,412.43361458205715,17.05089614394133,-202.88645752957683
58,9,LANE_LEFT,1,324.0941996569183,25.00000000175708,-4.235895972260631
58,10,LANE_LEFT,2,298.8877325569697,25.000000001008996,-0.24999999994955024
58,11,IDLE,1,373.03067269740296,25.000000000428045,-0.2499999999785978
